"SUID","AverageShortestPathLength","BetweennessCentrality","ClosenessCentrality","ClusteringCoefficient","CommonName","Degree","degree.layout","Eccentricity","EnzymeCounts","GeneObjects","IsSingleNode","name","NeighborhoodConnectivity","NumberOfDirectedEdges","NumberOfUndirectedEdges","PartnerOfMultiEdgedNodePairs","Radiality","ReactionCounts","selected","SelfLoops","shared name","Stress","SuperPathway","TopologicalCoefficient"
"72","0.0","0.0","0.0","0.0","phenylmercury acetate degradation","0",,"0","1","XC_3979","true","P641-PWY","0.0","0","0","0","9.223372036854776E10","2","false","0","P641-PWY","0","false","0.0"
"73","0.0","0.0","0.0","0.0","arsenate detoxification II (glutaredoxin)","0",,"0","1","XC_3548","true","PWY-4621","0.0","0","0","0","9.223372036854776E10","1","false","0","PWY-4621","0","false","0.0"
"74","0.0","0.0","0.0","0.0","arginine dependent acid resistance","0",,"0","1","XC_3953","true","PWY0-1299","0.0","0","0","0","9.223372036854776E10","1","false","0","PWY0-1299","0","false","0.0"
"75","7.09550562","0.0","0.14093428","0.0","oxidized GTP and dGTP detoxification","2","2","15","2","XC_1955; XC_2220","false","PWY-6502","11.0","2","0","1","0.69522472","4","false","0","PWY-6502","0","false","0.0"
"76","0.0","0.0","0.0","0.0","superoxide radicals degradation","0",,"0","8","XC_0201; XC_0407; XC_1615; XC_1837; XC_3037; XC_3139; XC_3993; XC_4037","true","DETOX1-PWY","0.0","0","0","0","9.223372036854776E10","2","false","0","DETOX1-PWY","0","false","0.0"
"77","0.0","0.0","0.0","0.0","TCA cycle V (2-oxoglutarate:ferredoxin oxidoreductase)","0",,"0","13","XC_0247; XC_0248; XC_0944; XC_1063; XC_1064; XC_1985; XC_2326; XC_2329; XC_2742; XC_2822; XC_3213; XC_3307; XC_3854","true","PWY-6969","0.0","0","0","0","9.223372036854776E10","12","false","0","PWY-6969","0","false","0.0"
"78","7.1741573","0.0","0.13938919","0.0","","1","1","13",,"","false","ARGININE-SYN","8.0","1","0","0","0.69129213",,"false","0","ARGININE-SYN","0","false","0.0"
"79","7.1741573","0.0","0.13938919","0.0","","1","1","13",,"","false","ISOLEUCINE-SYN","8.0","1","0","0","0.69129213",,"false","0","ISOLEUCINE-SYN","0","false","0.0"
"80","7.1741573","0.0","0.13938919","0.0","","1","1","13",,"","false","THREONINE-BIOSYNTHESIS","8.0","1","0","0","0.69129213",,"false","0","THREONINE-BIOSYNTHESIS","0","false","0.0"
"81","7.1741573","0.0","0.13938919","0.0","","1","1","13",,"","false","LYSINE-SYN","8.0","1","0","0","0.69129213",,"false","0","LYSINE-SYN","0","false","0.0"
"82","7.1741573","0.0","0.13938919","0.0","","1","1","13",,"","false","METHIONINE-SYN","8.0","1","0","0","0.69129213",,"false","0","METHIONINE-SYN","0","false","0.0"
"83","6.17977528","0.13762204","0.16181818","0.0","TCA cycle VI (obligate autotrophs)","8","8","12","17","XC_0031; XC_0032; XC_0800; XC_0944; XC_1063; XC_1064; XC_1981; XC_1982; XC_1983; XC_2326; XC_2329; XC_2742; XC_2822; XC_3213; XC_3307; XC_3479; XC_3854","false","PWY-5913","2.25","8","0","0","0.74101124","11","false","0","PWY-5913","17068","false","0.125"
"84","0.0","0.0","0.0","0.0","respiration (anaerobic)","0",,"0","18","XC_0216; XC_0443; XC_0444; XC_0588; XC_0944; XC_0978; XC_1452; XC_1983; XC_2326; XC_2329; XC_2371; XC_2531; XC_2742; XC_2822; XC_3213; XC_3307; XC_3479; XC_3854","true","ANARESP1-PWY","0.0","0","0","0","9.223372036854776E10","13","false","0","ANARESP1-PWY","0","false","0.0"
"85","0.0","0.0","0.0","0.0","aerobic respiration (cytochrome c)","0",,"0","24","XC_1589; XC_1590; XC_1591; XC_1592; XC_1593; XC_1594; XC_1595; XC_1596; XC_1597; XC_1598; XC_1599; XC_1600; XC_1601; XC_1602; XC_1792; XC_1793; XC_1794; XC_1981; XC_1982; XC_1983; XC_3841; XC_3901; XC_3904; XC_3905","true","PWY-3781","0.0","0","0","0","9.223372036854776E10","4","false","0","PWY-3781","0","false","0.0"
"86","0.0","0.0","0.0","0.0","photosynthesis light reactions","0",,"0","1","XC_2824","true","PWY-101","0.0","0","0","0","9.223372036854776E10","4","false","0","PWY-101","0","false","0.0"
"87","0.0","0.0","0.0","0.0","pentose phosphate pathway (partial)","0",,"0","2","XC_0469; XC_0929","true","P21-PWY","0.0","0","0","0","9.223372036854776E10","3","false","0","P21-PWY","0","false","0.0"
"88","5.9494382","0.0889125","0.1680831","0.33333333","pentose phosphate pathway (oxidative branch)","4","4","14","4","XC_0725; XC_1975; XC_1977; XC_4082","false","OXIDATIVEPENT-PWY","7.0","4","0","1","0.75252809","4","false","0","OXIDATIVEPENT-PWY","6610","false","0.39215686"
"89","0.0","0.0","0.0","0.0","hydrogen production V","0",,"0","1","XC_1762","true","PWY-6772","0.0","0","0","0","9.223372036854776E10","2","false","0","PWY-6772","0","false","0.0"
"90","0.0","0.0","0.0","0.0","glycolysis III (glucokinase)","0",,"0","13","XC_0872; XC_0976; XC_0978; XC_0979; XC_1166; XC_1223; XC_1404; XC_1587; XC_1976; XC_2371; XC_2531; XC_3287; XC_3488","true","ANAGLYCOLYSIS-PWY","0.0","0","0","0","9.223372036854776E10","10","false","0","ANAGLYCOLYSIS-PWY","0","false","0.0"
"91","1.0","0.0","1.0","0.0","acetyl-CoA fermentation to butyrate II","1","1","1","5","XC_0204; XC_2206; XC_2700; XC_2943; XC_3607","false","PWY-5676","1.0","1","0","0","1.0","5","false","0","PWY-5676","0","false","0.0"
"92","2.2","0.0","0.45454545","0.0","homolactic fermentation","1","1","3","15","XC_0098; XC_0872; XC_0976; XC_0978; XC_0979; XC_1166; XC_1223; XC_1404; XC_1587; XC_1952; XC_1976; XC_2371; XC_2531; XC_3287; XC_3488","false","ANAEROFRUCAT-PWY","3.0","1","0","0","0.6","3","false","0","ANAEROFRUCAT-PWY","0","true","0.0"
"93","2.2","0.0","0.45454545","0.0","mixed acid fermentation","1","1","3","22","XC_0029; XC_0686; XC_0775; XC_0821; XC_0944; XC_0978; XC_1384; XC_1452; XC_1983; XC_2326; XC_2329; XC_2445; XC_2742; XC_2822; XC_3029; XC_3106; XC_3213; XC_3307; XC_3421; XC_3479; XC_3526; XC_3854","false","FERMENTATION-PWY","3.0","1","0","0","0.6","16","false","0","FERMENTATION-PWY","0","false","0.0"
"94","0.0","0.0","0.0","0.0","succinate to cytochrome <i>bo</i> oxidase electron transfer","0",,"0","7","XC_1981; XC_1982; XC_1983; XC_3081; XC_3082; XC_3083; XC_3084","true","PWY0-1329","0.0","0","0","0","9.223372036854776E10","2","false","0","PWY0-1329","0","false","0.0"
"95","0.0","0.0","0.0","0.0","NADH to cytochrome <i>bo</i> oxidase electron transfer","0",,"0","19","XC_1589; XC_1590; XC_1591; XC_1592; XC_1593; XC_1594; XC_1595; XC_1596; XC_1597; XC_1598; XC_1599; XC_1600; XC_1601; XC_1602; XC_3081; XC_3082; XC_3083; XC_3084; XC_3841","true","PWY0-1335","0.0","0","0","0","9.223372036854776E10","2","false","0","PWY0-1335","0","false","0.0"
"96","0.0","0.0","0.0","0.0","NADH to cytochrome <i>bd</i> oxidase electron transfer","0",,"0","19","XC_1454; XC_1455; XC_1589; XC_1590; XC_1591; XC_1592; XC_1593; XC_1594; XC_1595; XC_1596; XC_1597; XC_1598; XC_1599; XC_1600; XC_1601; XC_1602; XC_1884; XC_1885; XC_3841","true","PWY0-1334","0.0","0","0","0","9.223372036854776E10","2","false","0","PWY0-1334","0","false","0.0"
"97","0.0","0.0","0.0","0.0","succinate to cytochrome <i>bd</i> oxidase electron transfer","0",,"0","7","XC_1454; XC_1455; XC_1884; XC_1885; XC_1981; XC_1982; XC_1983","true","PWY0-1353","0.0","0","0","0","9.223372036854776E10","2","false","0","PWY0-1353","0","false","0.0"
"98","0.0","0.0","0.0","0.0","pyruvate oxidation pathway","0",,"0","2","XC_0216; XC_0588","true","PYRUVOX-PWY","0.0","0","0","0","9.223372036854776E10","1","false","0","PYRUVOX-PWY","0","false","0.0"
"99","0.0","0.0","0.0","0.0","glycerol degradation to butanol","0",,"0","11","XC_0204; XC_0976; XC_0978; XC_1404; XC_1587; XC_2206; XC_2371; XC_2531; XC_2943; XC_3287; XC_3488","true","PWY-7003","0.0","0","0","0","9.223372036854776E10","11","false","0","PWY-7003","0","false","0.0"
"100","1.0","0.0","1.0","1.0","testosterone and androsterone degradation to androstendione","2","2","1","3","XC_0365; XC_1990; XC_3707","false","PWY-6943","2.0","2","0","0","1.0","3","false","0","PWY-6943","0","false","1.0"
"101","1.0","0.0","1.0","1.0","androstenedione degradation","2","2","1","4","XC_0307; XC_2205; XC_2358; XC_2975","false","PWY-6944","2.0","2","0","0","1.0","15","false","0","PWY-6944","0","false","1.0"
"102","1.0","0.0","1.0","1.0","superpathway of testosterone and androsterone degradation","2","2","1","7","XC_0307; XC_0365; XC_1990; XC_2205; XC_2358; XC_2975; XC_3707","false","PWY-6937","2.0","2","0","0","1.0","2","false","0","PWY-6937","0","true","1.0"
"103","0.0","0.0","0.0","0.0","wound-induced proteolysis I","0",,"0","10","XC_0602; XC_0643; XC_0676; XC_0905; XC_0997; XC_1007; XC_1008; XC_3192; XC_3585; XC_3992","true","PWY-5988","0.0","0","0","0","9.223372036854776E10","1","false","0","PWY-5988","0","false","0.0"
"104","0.0","0.0","0.0","0.0","seed germination protein turnover","0",,"0","10","XC_0602; XC_0643; XC_0676; XC_0905; XC_0997; XC_1007; XC_1008; XC_3192; XC_3585; XC_3992","true","PWY-6018","0.0","0","0","0","9.223372036854776E10","1","false","0","PWY-6018","0","false","0.0"
"105","0.0","0.0","0.0","0.0","nicotine degradation II","0",,"0","0","","true","PWY-6993","0.0","0","0","0","9.223372036854776E10","11","false","0","PWY-6993","0","false","0.0"
"106","0.0","0.0","0.0","0.0","acrylonitrile degradation","0",,"0","3","XC_0302; XC_1277; XC_3311","true","P344-PWY","0.0","0","0","0","9.223372036854776E10","3","false","0","P344-PWY","0","false","0.0"
"107","0.0","0.0","0.0","0.0","alkylnitronates degradation","0",,"0","2","XC_2177; XC_3045","true","PWY-723","0.0","0","0","0","9.223372036854776E10","2","false","0","PWY-723","0","false","0.0"
"108","0.0","0.0","0.0","0.0","thiosulfate disproportionation III (rhodanese)","0",,"0","1","XC_2697","true","PWY-5350","0.0","0","0","0","9.223372036854776E10","1","false","0","PWY-5350","0","false","0.0"
"109","0.0","0.0","0.0","0.0","superpathway of tetrathionate reduction (<i>Salmonella typhimurium</i>)","0",,"0","2","XC_0991; XC_1334","true","PWY-5360","0.0","0","0","0","9.223372036854776E10","1","false","0","PWY-5360","0","false","0.0"
"110","0.0","0.0","0.0","0.0","sulfur oxidation IV (intracellular sulfur)","0",,"0","2","XC_0991; XC_1334","true","PWY-6675","0.0","0","0","0","9.223372036854776E10","5","false","0","PWY-6675","0","false","0.0"
"111","0.0","0.0","0.0","0.0","sulfate reduction IV (dissimilatory)","0",,"0","4","XC_0990; XC_0991; XC_0993; XC_1334","true","DISSULFRED-PWY","0.0","0","0","0","9.223372036854776E10","5","false","0","DISSULFRED-PWY","0","false","0.0"
"112","0.0","0.0","0.0","0.0","phosphate acquisition","0",,"0","2","XC_2525; XC_4227","true","PWY-6348","0.0","0","0","0","9.223372036854776E10","1","false","0","PWY-6348","0","false","0.0"
"113","0.0","0.0","0.0","0.0","phosphate utilization in cell wall regeneration","0",,"0","2","XC_2525; XC_4227","true","PWY-6357","0.0","0","0","0","9.223372036854776E10","1","false","0","PWY-6357","0","false","0.0"
"114","0.0","0.0","0.0","0.0","nitrate reduction IV (dissimilatory)","0",,"0","2","XC_2175; XC_2177","true","PWY-5674","0.0","0","0","0","9.223372036854776E10","2","false","0","PWY-5674","0","false","0.0"
"115","0.0","0.0","0.0","0.0","nitrate reduction V (assimilatory)","0",,"0","8","XC_0031; XC_0032; XC_0194; XC_0562; XC_1768; XC_1770; XC_2175; XC_2177","true","PWY-5675","0.0","0","0","0","9.223372036854776E10","5","false","0","PWY-5675","0","false","0.0"
"116","0.0","0.0","0.0","0.0","nitrifier denitrification","0",,"0","1","XC_2177","true","PWY-7084","0.0","0","0","0","9.223372036854776E10","4","false","0","PWY-7084","0","false","0.0"
"117","0.0","0.0","0.0","0.0","ammonia oxidation IV (autotrophic ammonia oxidizers)","0",,"0","3","XC_1792; XC_1793; XC_1794","true","PWY-7082","0.0","0","0","0","9.223372036854776E10","4","false","0","PWY-7082","0","false","0.0"
"118","0.0","0.0","0.0","0.0","intra-aerobic nitrite reduction","0",,"0","1","XC_2177","true","PWY-6523","0.0","0","0","0","9.223372036854776E10","2","false","0","PWY-6523","0","false","0.0"
"119","6.26404494","0.00349643","0.15964126","0.0","selenate reduction","2","2","12","1","XC_0993","false","PWY-6932","4.0","2","0","0","0.73679775","5","false","0","PWY-6932","790","false","0.6"
"120","0.0","0.0","0.0","0.0","UTP and CTP dephosphorylation","0",,"0","2","XC_2534; XC_2687","true","PWY-7177","0.0","0","0","0","9.223372036854776E10","9","false","0","PWY-7177","0","false","0.0"
"121","11.17977528","0.0","0.08944724","0.0","guanosine nucleotides degradation III","1","1","20","4","XC_1845; XC_2687; XC_2956; XC_3158","false","PWY-6608","3.0","1","0","0","0.49101124","4","false","0","PWY-6608","0","false","0.0"
"122","6.33146067","0.0","0.15794144","0.0","purine deoxyribonucleosides degradation to 2'-deoxyribose-1-phosphate","1","1","14","2","XC_0304; XC_2956","false","PWY-7179","9.0","1","0","0","0.73342697","4","false","0","PWY-7179","0","false","0.0"
"123","6.33146067","0.0","0.15794144","0.0","purine ribonucleosides degradation to ribose-1-phosphate","1","1","14","2","XC_0304; XC_2956","false","PWY0-1296","9.0","1","0","0","0.73342697","5","false","0","PWY0-1296","0","false","0.0"
"124","0.0","0.0","0.0","0.0","pseudouridine degradation","0",,"0","8","XC_0235; XC_0283; XC_1158; XC_1477; XC_1904; XC_2099; XC_3298; XC_4278","true","PWY-6019","0.0","0","0","0","9.223372036854776E10","2","false","0","PWY-6019","0","false","0.0"
"125","1.5","0.0","0.66666667","0.0","","1","1","2",,"","false","TCA-VARIANTS","2.0","1","0","0","0.75",,"false","0","TCA-VARIANTS","0","false","0.0"
"126","1.0","1.0","1.0","0.0","fatty acid &beta;-oxidation I","3","3","1","15","XC_0256; XC_0378; XC_1238; XC_1680; XC_2205; XC_2332; XC_2356; XC_2358; XC_2722; XC_2975; XC_2978; XC_2979; XC_2980; XC_3420; XC_4096","false","FAO-PWY","1.0","3","0","1","1.0","7","false","0","FAO-PWY","2","false","0.0"
"127","1.5","0.0","0.66666667","0.0","oleate &beta;-oxidation","2","2","2","3","XC_2356; XC_2978; XC_3453","false","PWY0-1337","2.0","2","0","1","0.75","3","false","0","PWY0-1337","0","false","0.0"
"128","0.0","0.0","0.0","0.0","phospholipases","0",,"0","3","XC_1121; XC_1394; XC_4137","true","LIPASYN-PWY","0.0","0","0","0","9.223372036854776E10","5","false","0","LIPASYN-PWY","0","false","0.0"
"129","6.32022472","0.00455174","0.15822222","0.0","xylose degradation I","2","2","14","3","XC_2477; XC_2478; XC_4191","false","XYLCAT-PWY","5.5","2","0","0","0.73398876","2","false","0","XYLCAT-PWY","1002","false","0.5625"
"130","7.12921348","6.348E-5","0.14026793","0.0","xylose degradation IV","2","2","15","19","XC_0469; XC_0725; XC_0899; XC_0929; XC_0976; XC_0978; XC_1404; XC_1975; XC_1977; XC_2371; XC_2477; XC_2478; XC_2531; XC_3287; XC_3400; XC_3488; XC_3526; XC_4082; XC_4191","false","PWY-6901","3.0","2","0","0","0.69353933","10","false","0","PWY-6901","4","true","0.66666667"
"131","0.0","0.0","0.0","0.0","trehalose degradation VI (periplasmic)","0",,"0","2","XC_0631; XC_3050","true","PWY0-1466","0.0","0","0","0","9.223372036854776E10","2","false","0","PWY0-1466","0","false","0.0"
"132","0.0","0.0","0.0","0.0","sucrose degradation I","0",,"0","1","XC_2601","true","SUCUTIL-PWY","0.0","0","0","0","9.223372036854776E10","2","false","0","SUCUTIL-PWY","0","false","0.0"
"133","0.0","0.0","0.0","0.0","lactose degradation III","0",,"0","3","XC_1214; XC_2985; XC_4208","true","BGALACT-PWY","0.0","0","0","0","9.223372036854776E10","1","false","0","BGALACT-PWY","0","false","0.0"
"134","0.0","0.0","0.0","0.0","lactose degradation II","0",,"0","3","XC_1214; XC_2985; XC_4208","true","LACTOSEUTIL-PWY","0.0","0","0","0","9.223372036854776E10","3","false","0","LACTOSEUTIL-PWY","0","false","0.0"
"135","0.0","0.0","0.0","0.0","galactose degradation I (Leloir pathway)","0",,"0","3","XC_3050; XC_3626; XC_3767","true","PWY-6317","0.0","0","0","0","9.223372036854776E10","6","false","0","PWY-6317","0","false","0.0"
"136","0.0","0.0","0.0","0.0","D-mannose degradation","0",,"0","1","XC_3609","true","MANNCAT-PWY","0.0","0","0","0","9.223372036854776E10","1","false","0","MANNCAT-PWY","0","false","0.0"
"137","0.0","0.0","0.0","0.0","glucose and glucose-1-phosphate degradation","0",,"0","9","XC_0553; XC_1075; XC_1166; XC_1223; XC_1976; XC_2659; XC_3416; XC_3941; XC_4205","true","GLUCOSE1PMETAB-PWY","0.0","0","0","0","9.223372036854776E10","6","false","0","GLUCOSE1PMETAB-PWY","0","false","0.0"
"138","0.0","0.0","0.0","0.0","homogalacturonan degradation","0",,"0","3","XC_0705; XC_1849; XC_1850","true","PWY-1081","0.0","0","0","0","9.223372036854776E10","2","false","0","PWY-1081","0","false","0.0"
"139","0.0","0.0","0.0","0.0","fructose degradation","0",,"0","1","XC_1743","true","PWY0-1314","0.0","0","0","0","9.223372036854776E10","1","false","0","PWY0-1314","0","false","0.0"
"140","0.0","0.0","0.0","0.0","(1,4)-&beta;-xylan degradation","0",,"0","6","XC_0153; XC_1120; XC_3373; XC_4065; XC_4207; XC_4210","true","PWY-6717","0.0","0","0","0","9.223372036854776E10","2","false","0","PWY-6717","0","false","0.0"
"141","0.0","0.0","0.0","0.0","glycogen degradation II","0",,"0","3","XC_0424; XC_1308; XC_3941","true","PWY-5941","0.0","0","0","0","9.223372036854776E10","5","false","0","PWY-5941","0","false","0.0"
"142","7.21910112","0.0","0.1385214","0.0","alginate degradation","1","1","15","2","XC_0122; XC_4305","false","PWY-6986","8.0","1","0","0","0.68904494","6","false","0","PWY-6986","0","false","0.0"
"143","0.0","0.0","0.0","0.0","L-arabinan degradation","0",,"0","6","XC_0158; XC_1714; XC_3051; XC_3064; XC_4196; XC_4214","true","PWY-6790","0.0","0","0","0","9.223372036854776E10","2","false","0","PWY-6790","0","false","0.0"
"144","0.0","0.0","0.0","0.0","acetate conversion to acetyl-CoA","0",,"0","1","XC_4149","true","PWY0-1313","0.0","0","0","0","9.223372036854776E10","1","false","0","PWY0-1313","0","false","0.0"
"145","6.14606742","0.01367759","0.16270567","0.16666667","pentose phosphate pathway","4","4","14","8","XC_0469; XC_0725; XC_0899; XC_0929; XC_1975; XC_1977; XC_3400; XC_4082","false","PENTOSE-P-PWY","4.0","4","0","0","0.74269663","2","false","0","PENTOSE-P-PWY","2066","true","0.35"
"146","6.68539326","0.00198617","0.14957983","0.0","D-gluconate degradation","2","2","15","1","XC_4170","false","GLUCONSUPER-PWY","6.0","2","0","0","0.71573034","1","false","0","GLUCONSUPER-PWY","164","false","0.55555556"
"147","0.0","0.0","0.0","0.0","glutaryl-CoA degradation","0",,"0","10","XC_0204; XC_2205; XC_2206; XC_2356; XC_2358; XC_2700; XC_2809; XC_2943; XC_2975; XC_2978","true","PWY-5177","0.0","0","0","0","9.223372036854776E10","5","false","0","PWY-5177","0","false","0.0"
"148","1.75","0.0","0.57142857","0.0","methanol oxidation to formaldehyde I","1","1","2","2","XC_0679; XC_0682","false","PWY-6966","4.0","1","0","0","0.625","1","false","0","PWY-6966","0","false","0.0"
"149","0.0","0.0","0.0","0.0","methanol oxidation to formaldehyde II","0",,"0","2","XC_0679; XC_0682","true","PWY-6510","0.0","0","0","0","9.223372036854776E10","1","false","0","PWY-6510","0","false","0.0"
"150","7.26966292","0.01123596","0.13755796","0.0","glyoxylate cycle","3","3","14","7","XC_0247; XC_0248; XC_0944; XC_2326; XC_2329; XC_3213; XC_3307","false","GLYOXYLATE-BYPASS","3.0","3","0","1","0.68651685","6","false","0","GLYOXYLATE-BYPASS","1064","false","0.5"
"151","8.26404494","0.0","0.12100612","0.0","formaldehyde assimilation I (serine pathway)","2","2","15","12","XC_0293; XC_0474; XC_1063; XC_1404; XC_2371; XC_2531; XC_3287; XC_3307; XC_3479; XC_3488; XC_3544; XC_4315","false","PWY-1622","2.0","2","0","1","0.63679775","13","false","0","PWY-1622","0","false","0.0"
"152","9.97191011","0.0","0.10028169","0.0","reductive acetyl coenzyme A pathway","1","1","17","4","XC_0326; XC_1762; XC_1933; XC_3496","false","CODH-PWY","2.0","1","0","0","0.55140449","8","false","0","CODH-PWY","0","false","0.0"
"153","0.0","0.0","0.0","0.0","CO<sub>2</sub> fixation into oxaloacetate (anapleurotic)","0",,"0","4","XC_2678; XC_2704; XC_2819; XC_3479","true","PWYQT-4429","0.0","0","0","0","9.223372036854776E10","2","false","0","PWYQT-4429","0","false","0.0"
"154","1.5","0.0","0.66666667","1.0","formaldehyde oxidation V (tetrahydrofolate pathway)","3","3","2","1","XC_1933","false","PWY-1722","3.5","3","0","1","0.75","4","false","0","PWY-1722","0","false","0.875"
"155","1.5","0.0","0.66666667","1.0","formaldehyde oxidation II (glutathione-dependent)","3","3","2","2","XC_0777; XC_2188","false","PWY-1801","3.5","3","0","1","0.75","3","false","0","PWY-1801","0","false","0.875"
"156","1.25","0.08333333","0.8","0.66666667","formate oxidation to CO<sub>2</sub>","5","5","2","1","XC_1762","false","PWY-1881","2.66666667","5","0","2","0.875","1","false","0","PWY-1881","2","false","0.66666667"
"157","1.0","0.58333333","1.0","0.33333333","superpathway of C1 compounds oxidation to CO<sub>2</sub>","4","4","1","6","XC_0679; XC_0682; XC_0777; XC_1762; XC_1933; XC_2188","false","PWY-1882","2.0","4","0","0","1.0","4","false","0","PWY-1882","8","true","0.58333333"
"158","0.0","0.0","0.0","0.0","valine degradation II","0",,"0","6","XC_0029; XC_0686; XC_0775; XC_1384; XC_3029; XC_3380","true","PWY-5057","0.0","0","0","0","9.223372036854776E10","3","false","0","PWY-5057","0","false","0.0"
"159","8.87078652","0.0","0.11272958","0.0","valine degradation I","1","1","16","9","XC_0443; XC_2332; XC_2356; XC_2977; XC_2978; XC_2979; XC_2980; XC_3380; XC_3420","false","VALDEG-PWY","6.0","1","0","0","0.60646067","8","false","0","VALDEG-PWY","0","false","0.0"
"160","3.25","0.0","0.30769231","0.0","tryptophan degradation I (via anthranilate)","1","1","5","4","XC_0446; XC_1899; XC_2681; XC_3032","false","TRPCAT-PWY","2.0","1","0","0","0.55","3","false","0","TRPCAT-PWY","0","false","0.0"
"161","2.375","0.25","0.42105263","0.0","tryptophan degradation XII (Geobacillus)","2","2","4","9","XC_0154; XC_0446; XC_1109; XC_1899; XC_2445; XC_2679; XC_2681; XC_3032; XC_3421","false","PWY-6505","2.5","2","0","0","0.725","3","false","0","PWY-6505","14","true","0.5"
"162","1.875","0.53571429","0.53333333","0.0","tryptophan degradation IX","2","2","3","10","XC_0154; XC_0446; XC_1109; XC_1899; XC_2445; XC_2679; XC_2681; XC_2682; XC_3032; XC_3421","false","PWY-5655","3.5","2","0","0","0.825","2","false","0","PWY-5655","30","true","0.5"
"163","0.0","0.0","0.0","0.0","threonine degradation III (to methylglyoxal)","0",,"0","1","XC_3290","true","THRDLCTCAT-PWY","0.0","0","0","0","9.223372036854776E10","3","false","0","THRDLCTCAT-PWY","0","false","0.0"
"164","0.0","0.0","0.0","0.0","threonine degradation II","0",,"0","2","XC_3290; XC_3296","true","THREONINE-DEG2-PWY","0.0","0","0","0","9.223372036854776E10","2","false","0","THREONINE-DEG2-PWY","0","false","0.0"
"165","0.0","0.0","0.0","0.0","threonine degradation IV","0",,"0","3","XC_0474; XC_2445; XC_3421","true","PWY-5436","0.0","0","0","0","9.223372036854776E10","2","false","0","PWY-5436","0","false","0.0"
"166","0.0","0.0","0.0","0.0","L-serine degradation","0",,"0","1","XC_1255","true","SERDEG-PWY","0.0","0","0","0","9.223372036854776E10","1","false","0","SERDEG-PWY","0","false","0.0"
"167","1.0","0.0","1.0","0.0","tyrosine degradation I","2","2","1","5","XC_0450; XC_0452; XC_1010; XC_3641; XC_3642","false","TYRFUMCAT-PWY","1.0","2","0","1","1.0","5","false","0","TYRFUMCAT-PWY","0","false","0.0"
"168","1.0","0.0","1.0","0.0","phenylalanine degradation I (aerobic)","2","2","1","2","XC_0165; XC_2102","false","PHENYLALANINE-DEG1-PWY","1.0","2","0","1","1.0","3","false","0","PHENYLALANINE-DEG1-PWY","0","false","0.0"
"169","0.0","0.0","0.0","0.0","taurine degradation IV","0",,"0","1","XC_3456","true","PWY0-981","0.0","0","0","0","9.223372036854776E10","1","false","0","PWY0-981","0","false","0.0"
"170","0.0","0.0","0.0","0.0","lysine degradation VI","0",,"0","2","XC_1733; XC_2445","true","PWY-5298","0.0","0","0","0","9.223372036854776E10","3","false","0","PWY-5298","0","false","0.0"
"171","0.0","0.0","0.0","0.0","lysine degradation VIII","0",,"0","0","","true","PWY-5314","0.0","0","0","0","9.223372036854776E10","2","false","0","PWY-5314","0","false","0.0"
"172","0.0","0.0","0.0","0.0","isoleucine degradation I","0",,"0","11","XC_0204; XC_2206; XC_2332; XC_2356; XC_2358; XC_2751; XC_2943; XC_2978; XC_2979; XC_3380; XC_3420","true","ILEUDEG-PWY","0.0","0","0","0","9.223372036854776E10","6","false","0","ILEUDEG-PWY","0","false","0.0"
"173","0.0","0.0","0.0","0.0","histidine degradation I","0",,"0","4","XC_2653; XC_2655; XC_2657; XC_4015","true","HISDEG-PWY","0.0","0","0","0","9.223372036854776E10","4","false","0","HISDEG-PWY","0","false","0.0"
"174","0.0","0.0","0.0","0.0","histidine degradation II","0",,"0","5","XC_2653; XC_2654; XC_2655; XC_2656; XC_2657","true","PWY-5028","0.0","0","0","0","9.223372036854776E10","5","false","0","PWY-5028","0","false","0.0"
"175","0.0","0.0","0.0","0.0","glycine cleavage","0",,"0","4","XC_1232; XC_2644; XC_3135; XC_3689","true","GLYCLEAV-PWY","0.0","0","0","0","9.223372036854776E10","3","false","0","GLYCLEAV-PWY","0","false","0.0"
"176","0.0","0.0","0.0","0.0","glutamine degradation I","0",,"0","6","XC_0031; XC_0032; XC_2346; XC_2348; XC_2806; XC_2848","true","GLUTAMINDEG-PWY","0.0","0","0","0","9.223372036854776E10","1","false","0","GLUTAMINDEG-PWY","0","false","0.0"
"177","0.0","0.0","0.0","0.0","glutamine degradation II","0",,"0","2","XC_0031; XC_0032","true","GLUTAMINEFUM-PWY","0.0","0","0","0","9.223372036854776E10","1","false","0","GLUTAMINEFUM-PWY","0","false","0.0"
"178","0.0","0.0","0.0","0.0","&beta;-alanine degradation II","0",,"0","2","XC_1759; XC_2981","true","PWY-1781","0.0","0","0","0","9.223372036854776E10","2","false","0","PWY-1781","0","false","0.0"
"179","0.0","0.0","0.0","0.0","asparagine degradation I","0",,"0","3","XC_0239; XC_1195; XC_3374","true","ASPARAGINE-DEG1-PWY","0.0","0","0","0","9.223372036854776E10","1","false","0","ASPARAGINE-DEG1-PWY","0","false","0.0"
"180","0.0","0.0","0.0","0.0","arginine degradation VII (arginase 3 pathway)","0",,"0","1","XC_4015","true","ARG-GLU-PWY","0.0","0","0","0","9.223372036854776E10","2","false","0","ARG-GLU-PWY","0","false","0.0"
"181","0.0","0.0","0.0","0.0","arginine degradation II (AST pathway)","0",,"0","3","XC_0882; XC_2445; XC_3421","true","AST-PWY","0.0","0","0","0","9.223372036854776E10","5","false","0","AST-PWY","0","false","0.0"
"182","0.0","0.0","0.0","0.0","alanine degradation I","0",,"0","2","XC_1538; XC_3718","true","ALADEG-PWY","0.0","0","0","0","9.223372036854776E10","2","false","0","ALADEG-PWY","0","false","0.0"
"183","0.0","0.0","0.0","0.0","2-oxoglutarate decarboxylation to succinyl-CoA","0",,"0","3","XC_2749; XC_2750; XC_3689","true","PWY-5084","0.0","0","0","0","9.223372036854776E10","3","false","0","PWY-5084","0","false","0.0"
"184","7.28089888","0.0","0.13734568","0.0","L-lactaldehyde degradation (aerobic)","1","1","14","1","XC_0110","false","PWY0-1317","5.0","1","0","0","0.68595506","2","false","0","PWY0-1317","0","false","0.0"
"185","6.28651685","0.1077071","0.1590706","0.0","pyruvate decarboxylation to acetyl CoA","5","5","13","6","XC_0216; XC_0443; XC_0444; XC_0588; XC_3689; XC_3691","false","PYRUVDEHYD-PWY","4.0","5","0","0","0.73567416","3","false","0","PYRUVDEHYD-PWY","12162","false","0.2"
"186","7.28089888","0.0","0.13734568","0.0","methylglyoxal degradation I","1","1","14","5","XC_0202; XC_2897; XC_3258; XC_3526; XC_3658","false","PWY-5386","5.0","1","0","0","0.68595506","3","false","0","PWY-5386","0","false","0.0"
"187","2.0","0.0","0.5","0.0","","1","1","3",,"","false","GLYCOLYSIS-VARIANTS","3.0","1","0","0","0.66666667",,"false","0","GLYCOLYSIS-VARIANTS","0","false","0.0"
"188","1.25","0.83333333","0.8","0.0","glycerol degradation I","3","3","2","1","XC_0370","false","PWY-4261","1.33333333","3","0","0","0.91666667","2","false","0","PWY-4261","10","false","0.33333333"
"189","2.25","0.0","0.44444444","0.0","glycerophosphodiester degradation","1","1","3","2","XC_3204; XC_4324","false","PWY-6952","2.0","1","0","0","0.58333333","2","false","0","PWY-6952","0","false","0.0"
"190","1.5","0.5","0.66666667","0.0","glycerol and glycerophosphodiester degradation","2","2","2","3","XC_0370; XC_3204; XC_4324","false","PWY0-381","2.0","2","0","0","0.83333333","2","false","0","PWY0-381","6","true","0.5"
"191","0.0","0.0","0.0","0.0","ethanol degradation IV","0",,"0","7","XC_2445; XC_3037; XC_3139; XC_3421; XC_3993; XC_4037; XC_4149","true","PWY66-162","0.0","0","0","0","9.223372036854776E10","3","false","0","PWY66-162","0","false","0.0"
"192","1.0","0.0","1.0","0.0","ethanol degradation I","1","1","1","7","XC_0029; XC_0686; XC_0775; XC_1384; XC_2445; XC_3029; XC_3421","false","ETOH-ACETYLCOA-ANA-PWY","1.0","1","0","0","1.0","2","false","0","ETOH-ACETYLCOA-ANA-PWY","0","false","0.0"
"193","0.0","0.0","0.0","0.0","ethanol degradation II","0",,"0","8","XC_0029; XC_0686; XC_0775; XC_1384; XC_2445; XC_3029; XC_3421; XC_4149","true","PWY66-21","0.0","0","0","0","9.223372036854776E10","3","false","0","PWY66-21","0","false","0.0"
"194","0.0","0.0","0.0","0.0","polyvinyl alcohol degradation","0",,"0","1","XC_4171","true","PWY-6464","0.0","0","0","0","9.223372036854776E10","2","false","0","PWY-6464","0","false","0.0"
"195","0.0","0.0","0.0","0.0","1,2-dichloroethane degradation","0",,"0","4","XC_0104; XC_0226; XC_0679; XC_0682","true","12DICHLORETHDEG-PWY","0.0","0","0","0","9.223372036854776E10","4","false","0","12DICHLORETHDEG-PWY","0","false","0.0"
"196","0.0","0.0","0.0","0.0","deethylsimazine degradation","0",,"0","1","XC_1845","true","PWY-5726","0.0","0","0","0","9.223372036854776E10","2","false","0","PWY-5726","0","false","0.0"
"197","1.0","0.0","1.0","1.0","vanillin and vanillate degradation I","2","2","1","2","XC_0307; XC_0366","false","PWY-7097","2.0","2","0","0","1.0","2","false","0","PWY-7097","0","false","1.0"
"198","1.0","0.0","1.0","0.0","vanillin and vanillate degradation II","1","1","1","2","XC_0307; XC_0366","false","PWY-7098","1.0","1","0","0","1.0","2","false","0","PWY-7098","0","false","0.0"
"199","1.0","0.0","1.0","0.0","protocatechuate degradation II (ortho-cleavage pathway)","1","1","1","5","XC_0379; XC_0380; XC_0381; XC_0383; XC_2325","false","PROTOCATECHUATE-ORTHO-CLEAVAGE-PWY","1.0","1","0","0","1.0","4","false","0","PROTOCATECHUATE-ORTHO-CLEAVAGE-PWY","0","false","0.0"
"200","1.0","0.0","1.0","1.0","superpathway of vanillin and vanillate degradation","2","2","1","6","XC_0307; XC_0366; XC_3426; XC_3427; XC_4119; XC_4121","false","PWY-6338","2.0","2","0","0","1.0","2","false","0","PWY-6338","0","true","1.0"
"201","1.0","0.0","1.0","1.0","protocatechuate degradation I (<I>meta</I>-cleavage pathway)","2","2","1","4","XC_3426; XC_3427; XC_4119; XC_4121","false","P184-PWY","2.0","2","0","0","1.0","8","false","0","P184-PWY","0","false","1.0"
"202","2.625","0.0","0.38095238","0.0","protocatechuate degradation III (<I>para</I>-cleavage pathway)","1","1","4","1","XC_0104","false","PWY-6336","4.0","1","0","0","0.675","5","false","0","PWY-6336","0","false","0.0"
"203","0.0","0.0","0.0","0.0","phenylacetate degradation I (aerobic)","0",,"0","9","XC_0378; XC_2205; XC_2332; XC_2356; XC_2358; XC_2975; XC_2978; XC_2979; XC_3420","true","PWY0-321","0.0","0","0","0","9.223372036854776E10","9","false","0","PWY0-321","0","false","0.0"
"204","1.0","0.0","1.0","0.0","","1","1","1",,"","false","CATECHOL-DEGRADATION","1.0","1","0","0","1.0",,"false","0","CATECHOL-DEGRADATION","0","false","0.0"
"205","1.0","0.0","1.0","0.0","phenol degradation I (aerobic)","1","1","1","1","XC_4067","false","PWY-5418","1.0","1","0","0","1.0","1","false","0","PWY-5418","0","false","0.0"
"206","1.75","0.75","0.57142857","0.0","2-oxopentenoate degradation","4","4","3","4","XC_0154; XC_1109; XC_2445; XC_3421","false","PWY-5162","1.5","4","0","0","0.85","3","false","0","PWY-5162","42","false","0.25"
"207","2.625","0.0","0.38095238","0.0","2-nitrobenzoate degradation I","1","1","4","2","XC_0104; XC_2679","false","PWY-5647","4.0","1","0","0","0.675","7","false","0","PWY-5647","0","false","0.0"
"208","0.0","0.0","0.0","0.0","2,4-dichlorotoluene degradation","0",,"0","1","XC_3879","true","PWY-6190","0.0","0","0","0","9.223372036854776E10","8","false","0","PWY-6190","0","false","0.0"
"209","0.0","0.0","0.0","0.0","4-hydroxyphenylacetate degradation","0",,"0","2","XC_0104; XC_3022","true","3-HYDROXYPHENYLACETATE-DEGRADATION-PWY","0.0","0","0","0","9.223372036854776E10","9","false","0","3-HYDROXYPHENYLACETATE-DEGRADATION-PWY","0","false","0.0"
"210","7.20786517","0.00558624","0.13873733","0.0","&beta;-D-glucuronide and D-glucuronate degradation","2","2","15","4","XC_0122; XC_4198; XC_4208; XC_4209","false","GLUCUROCAT-PWY","5.0","2","0","0","0.68960674","5","false","0","GLUCUROCAT-PWY","1042","false","0.57142857"
"211","8.19101124","3.174E-5","0.12208505","0.0","superpathway of hexuronide and hexuronate degradation","2","2","16","5","XC_0122; XC_0949; XC_4198; XC_4208; XC_4209","false","GALACT-GLUCUROCAT-PWY","2.0","2","0","0","0.64044944","2","false","0","GALACT-GLUCUROCAT-PWY","2","true","1.0"
"212","7.20786517","0.00558624","0.13873733","0.0","D-galacturonate degradation I","2","2","15","4","XC_0122; XC_0949; XC_4198; XC_4209","false","GALACTUROCAT-PWY","5.0","2","0","0","0.68960674","4","false","0","GALACTUROCAT-PWY","1042","false","0.57142857"
"213","0.0","0.0","0.0","0.0","D-galactarate degradation I","0",,"0","3","XC_0949; XC_2977; XC_4315","true","GALACTARDEG-PWY","0.0","0","0","0","9.223372036854776E10","4","false","0","GALACTARDEG-PWY","0","false","0.0"
"214","0.0","0.0","0.0","0.0","D-galactarate degradation II","0",,"0","4","XC_0949; XC_0953; XC_0954; XC_1702","true","PWY-6497","0.0","0","0","0","9.223372036854776E10","3","false","0","PWY-6497","0","false","0.0"
"215","7.21910112","0.0","0.1385214","0.0","glucose degradation (oxidative)","1","1","15","6","XC_0553; XC_1075; XC_1568; XC_2659; XC_3416; XC_4205","false","DHGLUCONATE-PYR-CAT-PWY","8.0","1","0","0","0.68904494","5","false","0","DHGLUCONATE-PYR-CAT-PWY","0","false","0.0"
"216","1.0","0.0","1.0","0.0","galactose degradation II","2","2","1","1","XC_3491","false","GALDEG-PWY","1.0","2","0","1","1.0","2","false","0","GALDEG-PWY","0","false","0.0"
"217","1.0","0.0","1.0","0.0","D-galactonate degradation","2","2","1","3","XC_2487; XC_2488; XC_2490","false","GALACTCAT-PWY","1.0","2","0","1","1.0","3","false","0","GALACTCAT-PWY","0","false","0.0"
"218","0.0","0.0","0.0","0.0","5-dehydro-4-deoxy-D-glucuronate degradation","0",,"0","4","XC_0122; XC_0160; XC_0161; XC_1973","true","PWY-6507","0.0","0","0","0","9.223372036854776E10","4","false","0","PWY-6507","0","false","0.0"
"219","2.0","0.0","0.5","1.0","1,6-anhydro-<i>N</i>-acetylmuramic acid recycling","2","2","3","1","XC_3927","false","PWY0-1261","2.5","2","0","0","0.66666667","2","false","0","PWY0-1261","0","false","0.83333333"
"220","0.0","0.0","0.0","0.0","taxiphyllin bioactivation","0",,"0","4","XC_2834; XC_2991; XC_3159; XC_3886","true","PWY-7089","0.0","0","0","0","9.223372036854776E10","1","false","0","PWY-7089","0","false","0.0"
"221","0.0","0.0","0.0","0.0","betanidin degradation","0",,"0","1","XC_3037","true","PWY-5461","0.0","0","0","0","9.223372036854776E10","1","false","0","PWY-5461","0","false","0.0"
"222","1.4","0.7","0.71428571","0.0","glycolysis II (from fructose-6P)","3","3","2","12","XC_0098; XC_0872; XC_0976; XC_0978; XC_0979; XC_1404; XC_1587; XC_1952; XC_2371; XC_2531; XC_3287; XC_3488","false","PWY-5484","1.66666667","3","0","0","0.86666667","10","false","0","PWY-5484","14","false","0.33333333"
"223","1.4","0.6","0.71428571","0.33333333","<i>N</i>-acetylglucosamine degradation II","3","3","2","1","XC_0754","false","PWY-6517","2.33333333","3","0","0","0.86666667","4","false","0","PWY-6517","12","true","0.5"
"224","2.0","0.0","0.5","1.0","<i>N</i>-acetylglucosamine degradation I","2","2","3","1","XC_0754","false","GLUAMCAT-PWY","2.5","2","0","0","0.66666667","2","false","0","GLUAMCAT-PWY","0","false","0.83333333"
"225","0.0","0.0","0.0","0.0","allantoin degradation to ureidoglycolate II (ammonia producing)","0",,"0","2","XC_0294; XC_1858","true","PWY-5698","0.0","0","0","0","9.223372036854776E10","3","false","0","PWY-5698","0","false","0.0"
"226","0.0","0.0","0.0","0.0","4-aminobutyrate degradation I","0",,"0","0","","true","PWY-6535","0.0","0","0","0","9.223372036854776E10","2","false","0","PWY-6535","0","false","0.0"
"227","0.0","0.0","0.0","0.0","4-aminobutyrate degradation II","0",,"0","0","","true","PWY-6537","0.0","0","0","0","9.223372036854776E10","2","false","0","PWY-6537","0","false","0.0"
"228","0.0","0.0","0.0","0.0","ethanolamine utilization","0",,"0","2","XC_1854; XC_1855","true","PWY0-1477","0.0","0","0","0","9.223372036854776E10","1","false","0","PWY0-1477","0","false","0.0"
"229","0.0","0.0","0.0","0.0","spermidine biosynthesis I","0",,"0","2","XC_0487; XC_3954","true","BSUBPOLYAMSYN-PWY","0.0","0","0","0","9.223372036854776E10","2","false","0","BSUBPOLYAMSYN-PWY","0","false","0.0"
"230","0.0","0.0","0.0","0.0","glycine betaine biosynthesis I (Gram-negative bacteria)","0",,"0","2","XC_0760; XC_0761","true","BETSYN-PWY","0.0","0","0","0","9.223372036854776E10","2","false","0","BETSYN-PWY","0","false","0.0"
"231","0.0","0.0","0.0","0.0","choline degradation I","0",,"0","2","XC_0760; XC_0761","true","CHOLINE-BETAINE-ANA-PWY","0.0","0","0","0","9.223372036854776E10","2","false","0","CHOLINE-BETAINE-ANA-PWY","0","false","0.0"
"232","10.18539326","0.02240843","0.09817981","0.0","purine nucleotides degradation II (aerobic)","3","3","19","7","XC_0304; XC_1387; XC_1845; XC_1934; XC_2687; XC_2956; XC_3158","false","PWY-6353","1.66666667","3","0","0","0.54073034","3","false","0","PWY-6353","12986","true","0.33333333"
"233","11.17977528","0.0","0.08944724","0.0","urate biosynthesis/inosine 5'-phosphate degradation","1","1","20","4","XC_1934; XC_2687; XC_2956; XC_3158","false","PWY-5695","3.0","1","0","0","0.49101124","4","false","0","PWY-5695","0","false","0.0"
"234","7.1011236","0.0","0.14082278","1.0","UTP and CTP biosynthesis","3","3","14","3","XC_1923; XC_2534; XC_2867","false","PWY-7176","4.5","3","0","1","0.69494382","3","false","0","PWY-7176","0","false","0.75"
"235","6.51123596","0.0031081","0.15358067","0.66666667","UMP biosynthesis","4","4","14","7","XC_1367; XC_1858; XC_2346; XC_2348; XC_2448; XC_3931; XC_4226","false","PWY-5686","4.0","4","0","1","0.7244382","6","false","0","PWY-5686","404","false","0.5"
"236","7.09550562","0.01123596","0.14093428","0.0","pyrimidine deoxyribonucleotides <i>de novo</i> biosynthesis I","5","5","14","7","XC_1548; XC_2203; XC_3444; XC_3942; XC_4020; XC_4075; XC_4076","false","PWY0-166","3.5","5","0","2","0.69522472","13","false","0","PWY0-166","892","false","0.5"
"237","8.08988764","0.0","0.12361111","0.0","salvage pathways of pyrimidine deoxyribonucleotides","2","2","15","1","XC_4235","false","PWY0-181","2.0","2","0","1","0.64550562","5","false","0","PWY0-181","0","false","0.0"
"238","0.0","0.0","0.0","0.0","uracil and uridine salvage I","0",,"0","1","XC_1728","true","PWY-7183","0.0","0","0","0","9.223372036854776E10","2","false","0","PWY-7183","0","false","0.0"
"239","7.10674157","0.0","0.14071146","0.0","pyrimidine ribonucleotides salvage","1","1","14","4","XC_0670; XC_1728; XC_1923; XC_2203","false","PWY0-163","6.0","1","0","0","0.69466292","9","false","0","PWY0-163","0","false","0.0"
"240","7.02808989","0.01225154","0.14228617","0.0","guanine and guanosine salvage II","2","2","15","1","XC_2957","false","PWY-6599","6.5","2","0","0","0.69859551","2","false","0","PWY-6599","2702","false","0.5"
"241","7.01685393","0.0058207","0.14251401","0.0","adenine and adenosine salvage III","2","2","15","3","XC_0304; XC_2956; XC_2957","false","PWY-6609","9.0","2","0","0","0.6991573","4","false","0","PWY-6609","4514","false","0.66666667"
"242","8.26404494","0.02413387","0.12100612","0.0","adenine and adenosine salvage II","3","3","17","2","XC_0946; XC_1832","false","PWY-6605","4.0","3","0","0","0.63679775","2","false","0","PWY-6605","13932","false","0.375"
"243","9.21348315","0.03339953","0.10853659","0.0","adenosine nucleotides degradation II","3","3","18","5","XC_0304; XC_1387; XC_2687; XC_2956; XC_3158","false","SALVADEHYPOX-PWY","2.66666667","3","0","0","0.58932584","5","false","0","SALVADEHYPOX-PWY","19476","false","0.41666667"
"244","8.28651685","0.02089157","0.12067797","0.0","adenine and adenosine salvage I","2","2","17","2","XC_1832; XC_2956","false","P121-PWY","5.0","2","0","0","0.63567416","2","false","0","P121-PWY","12144","false","0.57142857"
"245","6.98314607","0.0","0.14320193","1.0","xanthine and xanthosine salvage","3","3","15","1","XC_2956","false","SALVPURINE2-PWY","9.5","3","0","1","0.7008427","2","false","0","SALVPURINE2-PWY","0","false","0.59375"
"246","0.0","0.0","0.0","0.0","purine and pyrimidine metabolism","0",,"0","11","XC_0873; XC_0958; XC_1728; XC_1832; XC_1923; XC_2867; XC_2956; XC_2957; XC_3444; XC_4020; XC_4235","true","P1-PWY","0.0","0","0","0","9.223372036854776E10","17","false","0","P1-PWY","0","false","0.0"
"247","7.94382022","0.00274768","0.12588402","0.0","purine nucleosides salvage II (plant)","2","2","16","3","XC_0946; XC_1832; XC_2957","false","PWY-5043","2.5","2","0","0","0.65280899","2","false","0","PWY-5043","2066","true","0.5"
"248","6.87640449","0.01035158","0.14542484","0.33333333","inosine-5'-phosphate biosynthesis I","4","4","15","5","XC_0467; XC_0510; XC_1613; XC_1614; XC_2744","false","PWY-6123","8.25","4","0","0","0.70617978","6","false","0","PWY-6123","5398","false","0.36363636"
"249","6.87078652","0.01195657","0.14554374","0.0","inosine-5'-phosphate biosynthesis II","4","4","15","5","XC_0467; XC_0510; XC_1613; XC_1614; XC_2744","false","PWY-6124","7.5","4","0","0","0.70646067","5","false","0","PWY-6124","5498","false","0.325"
"250","7.09550562","0.0","0.14093428","0.0","guanine and guanosine salvage I","2","2","15","2","XC_2956; XC_2957","false","PWY-6620","11.0","2","0","1","0.69522472","2","false","0","PWY-6620","0","false","0.0"
"251","7.33707865","0.06685686","0.13629403","0.04761905","adenosine nucleotides <i>de novo</i> biosynthesis","7","7","16","14","XC_0873; XC_2203; XC_2744; XC_3193; XC_3677; XC_3678; XC_3679; XC_3680; XC_3681; XC_3682; XC_3683; XC_3684; XC_4075; XC_4076","false","PWY-6126","3.71428571","7","0","0","0.68314607","8","false","0","PWY-6126","30952","false","0.23076923"
"252","7.01685393","3.65E-5","0.14251401","0.83333333","5-aminoimidazole ribonucleotide biosynthesis II","5","5","15","5","XC_0509; XC_1324; XC_3106; XC_3282; XC_3578","false","PWY-6122","7.0","5","0","1","0.6991573","5","false","0","PWY-6122","6","false","0.46666667"
"253","7.01685393","3.65E-5","0.14251401","0.83333333","5-aminoimidazole ribonucleotide biosynthesis I","5","5","15","5","XC_0509; XC_1322; XC_1324; XC_3282; XC_3578","false","PWY-6121","7.0","5","0","1","0.6991573","5","false","0","PWY-6121","6","false","0.46666667"
"254","7.02247191","2.9201E-4","0.1424","0.5","purine nucleotides <i>de novo</i> biosynthesis II","6","6","15","15","XC_0467; XC_0509; XC_0510; XC_1322; XC_1324; XC_1613; XC_1614; XC_1769; XC_1934; XC_1935; XC_2744; XC_3193; XC_3282; XC_3578; XC_4180","false","PWY-841","5.4","6","0","1","0.6988764","6","false","0","PWY-841","18","true","0.43333333"
"255","6.83707865","0.02710421","0.1462613","0.28571429","purine nucleotides <i>de novo</i> biosynthesis I","10","10","15","28","XC_0467; XC_0509; XC_0510; XC_0873; XC_0958; XC_1324; XC_1613; XC_1614; XC_1769; XC_1934; XC_1935; XC_2203; XC_2744; XC_3106; XC_3193; XC_3282; XC_3578; XC_3677; XC_3678; XC_3679; XC_3680; XC_3681; XC_3682; XC_3683; XC_3684; XC_4075; XC_4076; XC_4180","false","DENOVOPURINE2-PWY","5.875","10","0","2","0.70814607","4","false","0","DENOVOPURINE2-PWY","13770","true","0.24479167"
"256","7.01123596","5.237E-5","0.14262821","0.8","superpathway of 5-aminoimidazole ribonucleotide biosynthesis","5","5","15","6","XC_0509; XC_1322; XC_1324; XC_3106; XC_3282; XC_3578","false","PWY-6277","6.2","5","0","0","0.6994382","7","false","0","PWY-6277","8","true","0.41333333"
"257","0.0","0.0","0.0","0.0","queuosine biosynthesis","0",,"0","4","XC_1735; XC_1736; XC_1813; XC_3857","true","PWY-6700","0.0","0","0","0","9.223372036854776E10","4","false","0","PWY-6700","0","false","0.0"
"258","0.0","0.0","0.0","0.0","tRNA processing","0",,"0","10","XC_0533; XC_0757; XC_0960; XC_1507; XC_1809; XC_1836; XC_2098; XC_2714; XC_2718; XC_4331","true","PWY0-1479","0.0","0","0","0","9.223372036854776E10","10","false","0","PWY0-1479","0","false","0.0"
"259","0.0","0.0","0.0","0.0","dTMP <i>de novo</i> biosynthesis (mitochondrial)","0",,"0","4","XC_0474; XC_3443; XC_3444; XC_3544","true","PWY66-385","0.0","0","0","0","9.223372036854776E10","3","false","0","PWY66-385","0","false","0.0"
"260","0.0","0.0","0.0","0.0","ppGpp biosynthesis","0",,"0","3","XC_0956; XC_1173; XC_3275","true","PPGPPMET-PWY","0.0","0","0","0","9.223372036854776E10","6","false","0","PPGPPMET-PWY","0","false","0.0"
"261","11.33146067","0.0","0.08824988","0.0","phosphatidylcholine biosynthesis V","1","1","19","1","XC_0035","false","PWY-6825","4.0","1","0","0","0.48342697","3","false","0","PWY-6825","0","false","0.0"
"262","12.28651685","0.0","0.08139003","0.0","phosphatidylglycerol biosynthesis II (non-plastidic)","1","1","20","7","XC_0214; XC_0516; XC_0518; XC_2001; XC_2454; XC_2870; XC_4220","false","PWY4FS-8","5.0","1","0","0","0.43567416","3","false","0","PWY4FS-8","0","true","0.0"
"263","12.28651685","0.0","0.08139003","0.0","cardiolipin biosynthesis II","2","2","20","8","XC_0014; XC_0186; XC_0516; XC_1408; XC_2001; XC_2454; XC_4117; XC_4263","false","PWY-5269","5.0","2","0","1","0.43567416","3","false","0","PWY-5269","0","false","0.0"
"264","11.29213483","0.02245075","0.08855721","0.2","CDP-diacylglycerol biosynthesis I","8","8","19","4","XC_0214; XC_0518; XC_2870; XC_4220","false","PWY-5667","2.6","8","0","3","0.48539326","4","false","0","PWY-5667","11626","false","0.44"
"265","10.38764045","0.0","0.09626825","0.0","phosphatidylglycerol biosynthesis I (plastidic)","1","1","18","7","XC_0214; XC_0516; XC_0518; XC_2001; XC_2454; XC_2870; XC_4220","false","PWY4FS-7","5.0","1","0","0","0.53061798","3","false","0","PWY4FS-7","0","true","0.0"
"266","10.33707865","0.02215451","0.09673913","0.33333333","phosphatidylethanolamine biosynthesis I","5","5","18","3","XC_1563; XC_1957; XC_3594","false","PWY-5669","3.75","5","0","1","0.53314607","2","false","0","PWY-5669","7750","false","0.4375"
"267","10.34831461","0.01091856","0.09663409","0.66666667","cardiolipin biosynthesis I","4","4","18","9","XC_0014; XC_0186; XC_0300; XC_0516; XC_1408; XC_2001; XC_2454; XC_4117; XC_4263","false","PWY-5668","4.66666667","4","0","1","0.53258427","3","false","0","PWY-5668","5802","false","0.58333333"
"268","10.33707865","0.01096088","0.09673913","0.66666667","phospholipid biosynthesis I","4","4","18","16","XC_0014; XC_0186; XC_0214; XC_0300; XC_0516; XC_0518; XC_1408; XC_1563; XC_1957; XC_2001; XC_2454; XC_2870; XC_3594; XC_4117; XC_4220; XC_4263","false","PHOSLIPSYN-PWY","4.25","4","0","0","0.53314607","4","false","0","PHOSLIPSYN-PWY","5806","true","0.47222222"
"269","0.0","0.0","0.0","0.0","cyclopropane fatty acid (CFA) biosynthesis","0",,"0","1","XC_2910","true","PWY0-541","0.0","0","0","0","9.223372036854776E10","1","false","0","PWY0-541","0","false","0.0"
"270","8.61797753","0.0","0.11603651","0.0","stearate biosynthesis II (bacteria and plants)","2","2","16","7","XC_0222; XC_0429; XC_3225; XC_3229; XC_3652; XC_4087; XC_4096","false","PWY-5989","5.0","2","0","1","0.61910112","5","false","0","PWY-5989","0","false","0.0"
"271","1.0","0.0","1.0","0.0","fatty acid biosynthesis initiation II","1","1","1","3","XC_3424; XC_3652; XC_4096","false","PWY-5966","1.0","1","0","0","1.0","2","false","0","PWY-5966","0","false","0.0"
"272","1.0","0.0","1.0","0.0","fatty acid elongation -- saturated","1","1","1","9","XC_0222; XC_0429; XC_0809; XC_3225; XC_3227; XC_3229; XC_3424; XC_4087; XC_4096","false","FASYN-ELONG-PWY","1.0","1","0","0","1.0","5","false","0","FASYN-ELONG-PWY","0","false","0.0"
"273","8.54494382","0.00526884","0.11702827","0.66666667","<i>cis</i>-dodecenoyl biosynthesis","5","5","16","4","XC_0429; XC_0809; XC_3227; XC_4096","false","PWY0-862","4.33333333","5","0","2","0.62275281","6","false","0","PWY0-862","1922","false","0.54166667"
"274","9.47191011","3.174E-5","0.10557533","0.66666667","palmitoleate biosynthesis I","5","5","17","8","XC_0222; XC_0429; XC_0809; XC_3225; XC_3227; XC_3229; XC_3652; XC_4087","false","PWY-6282","3.33333333","5","0","2","0.57640449","9","false","0","PWY-6282","2","false","0.66666667"
"275","9.47752809","0.0","0.10551274","1.0","<i>cis</i>-vaccenate biosynthesis","3","3","17","1","XC_0429","false","PWY-5973","4.0","3","0","1","0.5761236","5","false","0","PWY-5973","0","false","0.8"
"276","0.0","0.0","0.0","0.0","fatty acids biosynthesis (yeast)","0",,"0","2","XC_3424; XC_4096","true","PWY-5970","0.0","0","0","0","9.223372036854776E10","1","false","0","PWY-5970","0","false","0.0"
"277","9.39325843","0.08681944","0.10645933","0.2","CDP-diacylglycerol biosynthesis II","7","7","17","4","XC_0214; XC_0518; XC_2870; XC_4220","false","PWY0-1319","3.4","7","0","1","0.58033708","4","false","0","PWY0-1319","27050","false","0.33333333"
"278","8.48876404","0.11239129","0.11780278","0.3","superpathway of unsaturated fatty acids biosynthesis (<i>E. coli</i>)","7","7","16","9","XC_0222; XC_0429; XC_0809; XC_3225; XC_3227; XC_3229; XC_3652; XC_4087; XC_4096","false","PWY-6284","3.6","7","0","1","0.6255618","3","false","0","PWY-6284","32766","true","0.30909091"
"279","0.0","0.0","0.0","0.0","biotin-carboxyl carrier protein assembly","0",,"0","6","XC_0254; XC_0527; XC_0529; XC_1578; XC_2881; XC_4026","true","PWY0-1264","0.0","0","0","0","9.223372036854776E10","4","false","0","PWY0-1264","0","false","0.0"
"280","0.0","0.0","0.0","0.0","acyl-CoA hydrolysis","0",,"0","0","","true","PWY-5148","0.0","0","0","0","9.223372036854776E10","1","false","0","PWY-5148","0","false","0.0"
"281","0.0","0.0","0.0","0.0","benzoate biosynthesis III (CoA-dependent, non-&beta;-oxidative)","0",,"0","1","XC_0366","true","PWY-6446","0.0","0","0","0","9.223372036854776E10","3","false","0","PWY-6446","0","false","0.0"
"282","0.0","0.0","0.0","0.0","fluoroacetate and fluorothreonine biosynthesis","0",,"0","2","XC_2661; XC_2956","true","PWY-6644","0.0","0","0","0","9.223372036854776E10","6","false","0","PWY-6644","0","false","0.0"
"283","0.0","0.0","0.0","0.0","indole-3-acetate biosynthesis III (bacteria)","0",,"0","3","XC_0302; XC_1277; XC_3311","true","PWY-3161","0.0","0","0","0","9.223372036854776E10","2","false","0","PWY-3161","0","false","0.0"
"284","0.0","0.0","0.0","0.0","indole-3-acetate biosynthesis IV (bacteria)","0",,"0","3","XC_0302; XC_1277; XC_3311","true","PWY-5025","0.0","0","0","0","9.223372036854776E10","2","false","0","PWY-5025","0","false","0.0"
"285","0.0","0.0","0.0","0.0","indole-3-acetate biosynthesis V (bacteria and fungi)","0",,"0","1","XC_1427","true","PWY-5026","0.0","0","0","0","9.223372036854776E10","1","false","0","PWY-5026","0","false","0.0"
"286","1.5","0.0","0.66666667","0.0","pyridoxal 5'-phosphate biosynthesis I","1","1","2","8","XC_0012; XC_0972; XC_1267; XC_1270; XC_1568; XC_1678; XC_2645; XC_3439","false","PYRIDOXSYN-PWY","2.0","1","0","0","0.75","8","false","0","PYRIDOXSYN-PWY","0","false","0.0"
"287","1.5","0.0","0.66666667","0.0","pyridoxal 5'-phosphate salvage pathway","1","1","2","3","XC_1267; XC_1270; XC_2761","false","PLPSAL-PWY","2.0","1","0","0","0.75","5","false","0","PLPSAL-PWY","0","false","0.0"
"288","1.0","1.0","1.0","0.0","superpathway of pyridoxal 5'-phosphate biosynthesis and salvage","2","2","1","9","XC_0012; XC_0972; XC_1267; XC_1270; XC_1568; XC_1678; XC_2645; XC_2761; XC_3439","false","PWY0-845","1.0","2","0","0","1.0","2","false","0","PWY0-845","2","true","0.0"
"289","0.0","0.0","0.0","0.0","thiamin salvage I","0",,"0","1","XC_3535","true","PWY-6896","0.0","0","0","0","9.223372036854776E10","2","false","0","PWY-6896","0","false","0.0"
"290","9.20224719","0.0","0.10866911","0.0","thiamin salvage II","1","1","17","3","XC_0895; XC_2499; XC_3535","false","PWY-6897","2.0","1","0","0","0.58988764","4","false","0","PWY-6897","0","true","0.0"
"291","8.20786517","0.01123596","0.12183436","0.0","hydroxymethylpyrimidine salvage","2","2","16","1","XC_2499","false","PWY-6910","2.5","2","0","0","0.63960674","2","false","0","PWY-6910","1438","false","0.5"
"292","6.30337079","0.00609249","0.15864528","0.6","thiazole biosynthesis I (E. coli)","6","6","14","4","XC_1015; XC_1344; XC_1347; XC_1678","false","PWY-6892","6.8","6","0","1","0.73483146","6","false","0","PWY-6892","2112","false","0.37777778"
"293","7.11797753","1.0633E-4","0.14048934","0.66666667","thiamin diphosphate biosynthesis I (E. coli)","5","5","15","2","XC_0895; XC_3535","false","PWY-6894","7.0","5","0","1","0.69410112","2","false","0","PWY-6894","18","false","0.5"
"294","7.08426966","0.01048795","0.14115781","0.33333333","4-amino-2-methyl-5-diphosphomethylpyrimidine biosynthesis","6","6","15","2","XC_0846; XC_2499","false","PWY-6890","5.66666667","6","0","0","0.69578652","2","false","0","PWY-6890","2828","false","0.34375"
"295","8.06741573","1.587E-5","0.12395543","0.0","thiamin diphosphate biosynthesis III (Staphylococcus)","2","2","16","3","XC_0895; XC_2525; XC_4227","false","PWY-6907","5.0","2","0","0","0.64662921","3","false","0","PWY-6907","2","false","0.8"
"296","7.2247191","0.02236082","0.13841369","0.33333333","thiamin diphosphate biosynthesis II (Bacillus)","5","5","15","2","XC_0895; XC_3535","false","PWY-6893","4.75","5","0","1","0.68876404","2","false","0","PWY-6893","2874","false","0.45"
"297","7.12921348","0.00475729","0.14026793","0.33333333","thiazole biosynthesis II (Bacillus)","5","5","15","4","XC_1015; XC_1344; XC_1347; XC_1678","false","PWY-6891","5.0","5","0","1","0.69353933","7","false","0","PWY-6891","1490","false","0.43181818"
"298","6.30898876","0.05433145","0.15850401","0.38095238","superpathway of thiamin diphosphate biosynthesis II","7","7","14","8","XC_0846; XC_0895; XC_1015; XC_1344; XC_1347; XC_1678; XC_2499; XC_3535","false","PWY-6895","5.14285714","7","0","0","0.73455056","5","false","0","PWY-6895","9768","true","0.34285714"
"299","6.97191011","0.00932203","0.14343272","0.23809524","","7","7","15",,"","false","AIR-BIOSYNTHESIS","5.71428571","7","0","0","0.70140449",,"false","0","AIR-BIOSYNTHESIS","1716","false","0.33928571"
"300","6.1741573","0.07050482","0.16196542","0.28888889","superpathway of thiamin diphosphate biosynthesis I","10","10","14","8","XC_0846; XC_0895; XC_1015; XC_1344; XC_1347; XC_1678; XC_2499; XC_3535","false","THISYN-PWY","5.4","10","0","0","0.74129213","3","false","0","THISYN-PWY","18318","true","0.24545455"
"301","8.87078652","0.0","0.11272958","0.0","","1","1","16",,"","false","BETA-ALANINE-BIOSYNTHESIS","6.0","1","0","0","0.60646067",,"false","0","BETA-ALANINE-BIOSYNTHESIS","0","false","0.0"
"302","6.3258427","8.4561E-4","0.15808171","0.66666667","6-hydroxymethyl-dihydropterin diphosphate biosynthesis I","3","3","14","5","XC_0731; XC_2469; XC_2471; XC_3887; XC_4253","false","PWY-6147","7.66666667","3","0","0","0.73370787","5","false","0","PWY-6147","180","false","0.47916667"
"303","7.47191011","0.0","0.13383459","0.0","tetrahydrofolate salvage from 5,10-methenyltetrahydrofolate","1","1","15","2","XC_1322; XC_1933","false","PWY-6613","3.0","1","0","0","0.67640449","2","false","0","PWY-6613","0","false","0.0"
"304","0.0","0.0","0.0","0.0","formylTHF biosynthesis I","0",,"0","12","XC_0322; XC_0326; XC_0474; XC_1933; XC_2724; XC_2725; XC_3135; XC_3285; XC_3443; XC_3444; XC_3496; XC_3544","true","1CMET2-PWY","0.0","0","0","0","9.223372036854776E10","12","false","0","1CMET2-PWY","0","false","0.0"
"305","6.46629213","2.8566E-4","0.15464813","0.4","tetrahydrofolate biosynthesis","6","6","14","3","XC_2517; XC_3285; XC_3443","false","PWY-6614","3.6","6","0","1","0.72668539","3","false","0","PWY-6614","18","false","0.45"
"306","5.65730337","0.00461367","0.17676266","0.66666667","4-aminobenzoate biosynthesis","4","4","13","1","XC_1769","false","PWY-6543","7.66666667","4","0","1","0.76713483","2","false","0","PWY-6543","558","false","0.47916667"
"307","6.47752809","0.01123596","0.15437988","0.33333333","folate polyglutamylation","3","3","14","3","XC_0474; XC_3285; XC_3544","false","PWY-2161","4.33333333","3","0","0","0.7261236","5","false","0","PWY-2161","754","false","0.57142857"
"308","6.48876404","0.0","0.15411255","1.0","folate transformations I","2","2","14","9","XC_0322; XC_0326; XC_0474; XC_1933; XC_2724; XC_2725; XC_3135; XC_3496; XC_3544","false","PWY-2201","6.0","2","0","0","0.7255618","12","false","0","PWY-2201","0","false","0.85714286"
"309","6.1011236","0.12453947","0.16390424","0.05454545","guanosine nucleotides <i>de novo</i> biosynthesis","13","13","14","6","XC_0958; XC_1769; XC_1934; XC_1935; XC_2203; XC_4180","false","PWY-6125","3.36363636","13","0","2","0.74494382","9","false","0","PWY-6125","30980","false","0.14832536"
"310","5.5","0.15703317","0.18181818","0.28571429","superpathway of tetrahydrofolate biosynthesis","7","7","13","9","XC_0731; XC_1769; XC_2469; XC_2471; XC_2517; XC_3285; XC_3443; XC_3887; XC_4253","false","PWY-6612","5.42857143","7","0","0","0.775","3","false","0","PWY-6612","32406","true","0.20879121"
"311","0.0","0.0","0.0","0.0","flavin biosynthesis I (bacteria and plants)","0",,"0","7","XC_2471; XC_3088; XC_3537; XC_3538; XC_3539; XC_3541; XC_3810","true","RIBOSYN2-PWY","0.0","0","0","0","9.223372036854776E10","9","false","0","RIBOSYN2-PWY","0","false","0.0"
"312","0.0","0.0","0.0","0.0","adenosylcobalamin salvage from cobalamin","0",,"0","1","XC_1094","true","PWY-6268","0.0","0","0","0","9.223372036854776E10","1","false","0","PWY-6268","0","false","0.0"
"313","9.21910112","2.116E-5","0.10847044","0.0","adenosylcobalamin biosynthesis from cobyrinate <i>a,c</i>-diamide I","3","3","15","7","XC_1094; XC_1096; XC_1097; XC_1098; XC_1099; XC_1100; XC_1101","false","PWY-5509","3.0","3","0","1","0.58904494","8","false","0","PWY-5509","2","false","1.0"
"314","8.23595506","0.01114074","0.12141883","0.0","adenosylcobalamin biosynthesis II (late cobalt incorporation)","4","4","14","10","XC_0983; XC_1094; XC_1095; XC_1096; XC_1097; XC_1098; XC_1099; XC_1100; XC_1101; XC_2181","false","P381-PWY","4.33333333","4","0","1","0.63820225","14","false","0","P381-PWY","1650","true","0.41666667"
"315","8.23595506","0.01114074","0.12141883","0.0","adenosylcobalamin biosynthesis I (early cobalt insertion)","4","4","14","10","XC_0983; XC_1094; XC_1095; XC_1096; XC_1097; XC_1098; XC_1099; XC_1100; XC_1101; XC_2181","false","PWY-5507","4.33333333","4","0","1","0.63820225","14","false","0","PWY-5507","1650","true","0.41666667"
"316","9.21910112","2.116E-5","0.10847044","0.0","adenosylcobalamin biosynthesis from cobyrinate <i>a,c</i>-diamide II","3","3","15","7","XC_1094; XC_1096; XC_1097; XC_1098; XC_1099; XC_1100; XC_1101","false","PWY-5508","3.0","3","0","1","0.58904494","9","false","0","PWY-5508","2","false","1.0"
"317","1.75","0.0","0.57142857","0.0","7-keto-8-aminopelargonate biosynthesis II","1","1","2","1","XC_0399","false","PWY-7147","4.0","1","0","0","0.625","2","false","0","PWY-7147","0","false","0.0"
"318","1.5","0.0","0.66666667","1.0","7-keto-8-aminopelargonate biosynthesis I","3","3","2","8","XC_0222; XC_0399; XC_0429; XC_0809; XC_3225; XC_3227; XC_3229; XC_4087","false","PWY-6519","3.0","3","0","1","0.75","11","false","0","PWY-6519","0","false","0.75"
"319","1.75","0.0","0.57142857","0.0","7-keto-8-aminopelargonate biosynthesis III","2","2","2","1","XC_0399","false","PWY-6578","4.0","2","0","1","0.625","2","false","0","PWY-6578","0","false","0.0"
"320","1.0","0.83333333","1.0","0.16666667","biotin biosynthesis from 7-keto-8-aminopelargonate","6","6","1","3","XC_0400; XC_1225; XC_3646","false","PWY0-1507","1.5","6","0","2","1.0","3","false","0","PWY0-1507","10","false","0.5"
"321","1.5","0.0","0.66666667","1.0","biotin biosynthesis I","2","2","2","11","XC_0222; XC_0399; XC_0400; XC_0429; XC_0809; XC_1225; XC_3225; XC_3227; XC_3229; XC_3646; XC_4087","false","BIOTIN-BIOSYNTHESIS-PWY","3.0","2","0","0","0.75","2","false","0","BIOTIN-BIOSYNTHESIS-PWY","0","true","0.75"
"322","0.0","0.0","0.0","0.0","L-ascorbate biosynthesis III","0",,"0","4","XC_0365; XC_0760; XC_2151; XC_3712","true","PWY-5521","0.0","0","0","0","9.223372036854776E10","4","false","0","PWY-5521","0","false","0.0"
"323","0.0","0.0","0.0","0.0","thioredoxin pathway","0",,"0","2","XC_2214; XC_3165","true","THIOREDOX-PWY","0.0","0","0","0","9.223372036854776E10","2","false","0","THIOREDOX-PWY","0","false","0.0"
"324","0.0","0.0","0.0","0.0","glutathione redox reactions I","0",,"0","3","XC_1539; XC_2825; XC_4302","true","PWY-4081","0.0","0","0","0","9.223372036854776E10","3","false","0","PWY-4081","0","false","0.0"
"325","1.0","0.0","1.0","0.0","&gamma;-glutamyl cycle","1","1","1","6","XC_0301; XC_0768; XC_0842; XC_1182; XC_1726; XC_3585","false","PWY-4041","1.0","1","0","0","1.0","5","false","0","PWY-4041","0","true","0.0"
"326","1.0","0.0","1.0","0.0","glutathione biosynthesis","1","1","1","2","XC_0768; XC_1182","false","GLUTATHIONESYN-PWY","1.0","1","0","0","1.0","2","false","0","GLUTATHIONESYN-PWY","0","false","0.0"
"327","6.75280899","0.0","0.14808652","1.0","ubiquinol-8 biosynthesis (prokaryotic)","2","2","14","6","XC_0234; XC_0402; XC_0673; XC_1846; XC_3432; XC_3433","false","PWY-6708","3.0","2","0","0","0.71235955","8","false","0","PWY-6708","0","false","0.75"
"328","6.76404494","0.0","0.14784053","0.0","menaquinol-8 biosynthesis","1","1","14","1","XC_0673","false","MENAQUINONESYN-PWY","3.0","1","0","0","0.71179775","1","false","0","MENAQUINONESYN-PWY","0","false","0.0"
"329","7.29775281","0.03285089","0.13702848","0.33333333","heme biosynthesis from uroporphyrinogen-III I","4","4","13","6","XC_0963; XC_1265; XC_2090; XC_3395; XC_4108; XC_4186","false","HEME-BIOSYNTHESIS-II","4.5","4","0","0","0.68511236","4","false","0","HEME-BIOSYNTHESIS-II","2472","false","0.34615385"
"330","8.25280899","0.0","0.12117086","1.0","superpathway of heme biosynthesis from uroporphyrinogen-III","2","2","14","6","XC_0963; XC_1265; XC_2090; XC_3395; XC_4108; XC_4186","false","PWY0-1415","5.5","2","0","0","0.63735955","5","false","0","PWY0-1415","0","true","0.61111111"
"331","8.25280899","0.0","0.12117086","1.0","heme biosynthesis from uroporphyrinogen-III II","2","2","14","4","XC_0963; XC_1265; XC_2090; XC_4186","false","HEMESYN2-PWY","5.5","2","0","0","0.63735955","4","false","0","HEMESYN2-PWY","0","false","0.61111111"
"332","6.39325843","0.14575002","0.15641476","0.33333333","superpathay of heme biosynthesis from glutamate","3","3","12","12","XC_0208; XC_0649; XC_0892; XC_0963; XC_1265; XC_1429; XC_2090; XC_3362; XC_3395; XC_4045; XC_4108; XC_4186","false","PWY-5918","5.66666667","3","0","0","0.73033708","2","false","0","PWY-5918","12800","true","0.38095238"
"333","9.26404494","0.0","0.10794421","0.0","","1","1","15",,"","false","GLYCINE-SYN","3.0","1","0","0","0.58679775",,"false","0","GLYCINE-SYN","0","false","0.0"
"334","8.26966292","0.01123596","0.12092391","0.33333333","superpathway of heme biosynthesis from glycine","3","3","14","10","XC_0208; XC_0649; XC_0963; XC_1265; XC_2090; XC_3296; XC_3395; XC_4045; XC_4108; XC_4186","false","PWY-5920","2.66666667","3","0","0","0.63651685","2","false","0","PWY-5920","830","true","0.46666667"
"335","8.25842697","0.0","0.12108844","0.0","chlorophyllide <i>a</i> biosynthesis I","1","1","14","6","XC_0963; XC_1265; XC_2090; XC_2549; XC_3395; XC_4108","false","CHLOROPHYLL-SYN","9.0","1","0","0","0.63707865","10","false","0","CHLOROPHYLL-SYN","0","false","0.0"
"336","8.25842697","0.0","0.12108844","0.0","chlorophyllide <i>a</i> biosynthesis III","1","1","14","6","XC_0963; XC_1265; XC_2090; XC_2549; XC_3395; XC_4108","false","PWY-7159","9.0","1","0","0","0.63707865","10","false","0","PWY-7159","0","false","0.0"
"337","8.26966292","1.587E-4","0.12092391","0.33333333","tetrapyrrole biosynthesis II (from glycine)","3","3","14","4","XC_0208; XC_0649; XC_3296; XC_4045","false","PWY-5189","3.0","3","0","0","0.63651685","4","false","0","PWY-5189","6","false","0.53333333"
"338","7.26404494","0.09819294","0.13766435","0.05555556","tetrapyrrole biosynthesis I (from glutamate)","9","9","13","6","XC_0208; XC_0649; XC_0892; XC_1429; XC_3362; XC_4045","false","PWY-5188","2.33333333","9","0","0","0.68679775","6","false","0","PWY-5188","9004","false","0.19753086"
"339","8.23595506","2.8566E-4","0.12141883","0.0","siroheme biosynthesis","2","2","14","2","XC_0983; XC_2181","false","PWY-5194","6.0","2","0","0","0.63820225","4","false","0","PWY-5194","22","false","0.55555556"
"340","0.0","0.0","0.0","0.0","methylerythritol phosphate pathway","0",,"0","7","XC_1678; XC_2455; XC_2528; XC_2529; XC_2871; XC_3085; XC_3359","true","NONMEVIPP-PWY","0.0","0","0","0","9.223372036854776E10","9","false","0","NONMEVIPP-PWY","0","false","0.0"
"341","5.7752809","0.01656827","0.17315175","0.33333333","superpathway of ubiquinol-8 biosynthesis (prokaryotic)","3","3","13","7","XC_0234; XC_0402; XC_0673; XC_1377; XC_1846; XC_3432; XC_3433","false","UBISYN-PWY","5.33333333","3","0","0","0.76123596","2","false","0","UBISYN-PWY","1488","true","0.41666667"
"342","5.76966292","0.01675871","0.17332035","0.0","superpathway of menaquinol-8 biosynthesis II","3","3","13","2","XC_0673; XC_1377","false","PWY-6263","5.0","3","0","0","0.76151685","2","false","0","PWY-6263","1496","true","0.36363636"
"343","6.74157303","1.9044E-4","0.14833333","0.33333333","octaprenyl diphosphate biosynthesis","3","3","14","1","XC_1377","false","PWY-5783","2.66666667","3","0","0","0.71292135","1","false","0","PWY-5783","8","false","0.58333333"
"344","7.50561798","0.0","0.13323353","0.0","NAD biosynthesis I (from aspartate)","1","1","14","4","XC_1067; XC_1500; XC_1611; XC_1983","false","PYRIDNUCSYN-PWY","3.0","1","0","0","0.6747191","6","false","0","PYRIDNUCSYN-PWY","0","false","0.0"
"345","2.25","0.42857143","0.44444444","0.33333333","tryptophan degradation to 2-amino-3-carboxymuconate semialdehyde","4","4","4","6","XC_0446; XC_1899; XC_2679; XC_2681; XC_2682; XC_3032","false","PWY-5651","2.0","4","0","1","0.75","5","false","0","PWY-5651","24","false","0.55555556"
"346","3.0","0.0","0.33333333","1.0","NAD biosynthesis from 2-amino-3-carboxymuconate semialdehyde","3","3","5","3","XC_1067; XC_1500; XC_1611","false","PWY-5653","2.5","3","0","1","0.6","4","false","0","PWY-5653","0","false","0.83333333"
"347","3.0","0.0","0.33333333","1.0","NAD biosynthesis II (from tryptophan)","2","2","5","9","XC_0446; XC_1067; XC_1500; XC_1611; XC_1899; XC_2679; XC_2681; XC_2682; XC_3032","false","NADSYN-PWY","2.5","2","0","0","0.6","2","false","0","NADSYN-PWY","0","true","0.83333333"
"348","1.0","0.0","1.0","0.0","NAD salvage pathway II","1","1","1","4","XC_0501; XC_0718; XC_2687; XC_4227","false","NAD-BIOSYNTHESIS-II","1.0","1","0","0","1.0","4","false","0","NAD-BIOSYNTHESIS-II","0","true","0.0"
"349","1.0","0.0","1.0","0.0","NAD salvage pathway III","1","1","1","1","XC_0718","false","PWY3O-4106","1.0","1","0","0","1.0","2","false","0","PWY3O-4106","0","false","0.0"
"350","0.0","0.0","0.0","0.0","lipoate biosynthesis and incorporation II","0",,"0","1","XC_0713","true","PWY0-1275","0.0","0","0","0","9.223372036854776E10","2","false","0","PWY0-1275","0","false","0.0"
"351","8.61797753","0.0","0.11603651","0.0","lipoate biosynthesis and incorporation I","2","2","16","2","XC_0712; XC_0713","false","PWY0-501","5.0","2","0","1","0.61910112","2","false","0","PWY0-501","0","false","0.0"
"352","0.0","0.0","0.0","0.0","2'-(5'-phosphoribosyl)-3'-dephospho-CoA biosynthesis I (citrate lyase)","0",,"0","1","XC_0577","true","P2-PWY","0.0","0","0","0","9.223372036854776E10","2","false","0","P2-PWY","0","false","0.0"
"353","1.0","0.0","1.0","0.0","malonate degradation I (biotin-independent)","2","2","1","4","XC_0572; XC_0573; XC_0574; XC_0575","false","PWY-5794","1.0","2","0","1","1.0","3","false","0","PWY-5794","0","false","0.0"
"354","1.0","0.0","1.0","0.0","2'-(5'-phosphoribosyl)-3'-dephospho-CoA biosynthesis II (malonate decarboxylase)","2","2","1","2","XC_0576; XC_0577","false","PWY-5796","1.0","2","0","1","1.0","2","false","0","PWY-5796","0","false","0.0"
"355","8.86516854","0.0","0.11280101","1.0","coenzyme A biosynthesis","2","2","16","3","XC_1055; XC_1723; XC_3943","false","COA-PWY","4.5","2","0","0","0.60674157","4","false","0","COA-PWY","0","false","0.75"
"356","0.0","0.0","0.0","0.0","guanylyl molybdenum cofactor biosynthesis","0",,"0","1","XC_2183","true","PWY-5964","0.0","0","0","0","9.223372036854776E10","1","false","0","PWY-5964","0","false","0.0"
"357","7.62359551","0.15692249","0.1311717","0.1","palmitate biosynthesis II (bacteria and plants)","9","9","15","11","XC_0222; XC_0429; XC_0809; XC_2876; XC_3225; XC_3227; XC_3229; XC_3424; XC_3652; XC_4087; XC_4096","false","PWY-5971","2.6","9","0","4","0.66882022","29","false","0","PWY-5971","42234","false","0.28571429"
"358","6.79775281","0.18485368","0.14710744","0.0","lipid IV<sub>A</sub> biosynthesis","6","6","14","6","XC_1996; XC_2875; XC_2877; XC_2878; XC_3278; XC_3504","false","NAGLIPASYN-PWY","4.0","6","0","2","0.71011236","6","false","0","NAGLIPASYN-PWY","47842","false","0.33333333"
"359","8.7752809","0.0","0.11395647","0.0","(KDO)<sub>2</sub>-lipid A biosynthesis I","2","2","16","2","XC_0826; XC_3808","false","KDO-LIPASYN-PWY","2.0","2","0","1","0.61123596","2","false","0","KDO-LIPASYN-PWY","0","false","0.0"
"360","7.78089888","0.01123596","0.12851986","0.0","KDO transfer to lipid IV<sub>A</sub> I","5","5","15","1","XC_0827","false","KDOSYN-PWY","2.0","5","0","2","0.66095506","2","false","0","KDOSYN-PWY","1958","false","0.5"
"361","6.26404494","0.0","0.15964126","0.0","di-<i>trans</i>,poly-<i>cis</i>-undecaprenyl phosphate biosynthesis","1","1","13","3","XC_0228; XC_1277; XC_2869","false","PWY-5785","6.0","1","0","0","0.73679775","1","false","0","PWY-5785","0","false","0.0"
"362","5.26966292","0.12998898","0.18976546","0.26666667","peptidoglycan biosynthesis I (<I>meso</I>-diaminopimelate containing)","7","7","12","13","XC_0232; XC_0874; XC_1244; XC_1318; XC_1375; XC_2449; XC_3508; XC_3509; XC_3510; XC_3512; XC_3513; XC_3514; XC_3515","false","PEPTIDOGLYCANSYN-PWY","4.33333333","7","0","1","0.78651685","6","false","0","PEPTIDOGLYCANSYN-PWY","29004","true","0.29761905"
"363","5.28089888","0.12099172","0.1893617","0.3","peptidoglycan biosynthesis III (mycobacteria)","6","6","12","12","XC_0232; XC_0874; XC_1176; XC_1318; XC_1375; XC_2449; XC_3508; XC_3509; XC_3510; XC_3512; XC_3513; XC_3514","false","PWY-6385","4.8","6","0","1","0.78595506","7","false","0","PWY-6385","28304","true","0.35384615"
"364","6.00561798","0.21173745","0.16651076","0.2","UDP-<i>N</i>-acetyl-D-glucosamine biosynthesis I","5","5","13","4","XC_0753; XC_1579; XC_3663; XC_3674","false","UDPNAGSYN-PWY","4.4","5","0","0","0.7497191","4","false","0","UDPNAGSYN-PWY","53420","false","0.36363636"
"365","5.26966292","0.11881651","0.18976546","0.46666667","UDP-<i>N</i>-acetylmuramoyl-pentapeptide biosynthesis III (<i>meso</i>-DAP-containing)","7","7","12","9","XC_0232; XC_0874; XC_1318; XC_1375; XC_2449; XC_3508; XC_3509; XC_3513; XC_3514","false","PWY-6387","5.0","7","0","1","0.78651685","8","false","0","PWY-6387","28308","false","0.33333333"
"366","0.0","0.0","0.0","0.0","PRPP biosynthesis I","0",,"0","1","XC_3358","true","PWY0-662","0.0","0","0","0","9.223372036854776E10","1","false","0","PWY0-662","0","false","0.0"
"367","0.0","0.0","0.0","0.0","<i>N</i>-acetylglutaminylglutamine amide biosynthesis","0",,"0","1","XC_1769","true","PWY-7054","0.0","0","0","0","9.223372036854776E10","2","false","0","PWY-7054","0","false","0.0"
"368","0.0","0.0","0.0","0.0","glycogen biosynthesis I (from ADP-D-Glucose)","0",,"0","3","XC_0143; XC_0421; XC_0422","true","GLYCOGENSYNTH-PWY","0.0","0","0","0","9.223372036854776E10","3","false","0","GLYCOGENSYNTH-PWY","0","false","0.0"
"369","1.66666667","0.0","0.6","0.0","","1","1","2",,"","false","GLUC1PURIDYLTRANS-RXN","3.0","1","0","0","0.66666667",,"false","0","GLUC1PURIDYLTRANS-RXN","0","false","0.0"
"370","1.66666667","0.0","0.6","0.0","","1","1","2",,"","false","UGD-RXN","3.0","1","0","0","0.66666667",,"false","0","UGD-RXN","0","false","0.0"
"371","1.0","1.0","1.0","0.0","xanthan biosynthesis","3","3","1","8","XC_1660; XC_1662; XC_1663; XC_1664; XC_1665; XC_1667; XC_1668; XC_1669","false","PWY-6655","1.0","3","0","0","1.0","10","false","0","PWY-6655","6","false","0.0"
"372","6.2247191","0.12259845","0.16064982","0.0","Entner-Doudoroff pathway I","8","8","14","2","XC_1973; XC_1974","false","ENTNER-DOUDOROFF-PWY","2.125","8","0","0","0.73876404","2","false","0","ENTNER-DOUDOROFF-PWY","11760","false","0.16071429"
"373","7.21910112","0.0","0.1385214","0.0","sorbitol biosynthesis II","1","1","15","5","XC_0553; XC_3415; XC_3416; XC_4170; XC_4205","false","PWY-5530","8.0","1","0","0","0.68904494","3","false","0","PWY-5530","0","false","0.0"
"374","0.0","0.0","0.0","0.0","trehalose biosynthesis VI","0",,"0","1","XC_0142","true","PWY-5983","0.0","0","0","0","9.223372036854776E10","1","false","0","PWY-5983","0","false","0.0"
"375","0.0","0.0","0.0","0.0","trehalose biosynthesis VII","0",,"0","1","XC_0142","true","PWY-5985","0.0","0","0","0","9.223372036854776E10","1","false","0","PWY-5985","0","false","0.0"
"376","0.0","0.0","0.0","0.0","trehalose biosynthesis IV","0",,"0","1","XC_0142","true","PWY-2622","0.0","0","0","0","9.223372036854776E10","1","false","0","PWY-2622","0","false","0.0"
"377","0.0","0.0","0.0","0.0","trehalose biosynthesis II","0",,"0","2","XC_1078; XC_1123","true","PWY-881","0.0","0","0","0","9.223372036854776E10","2","false","0","PWY-881","0","false","0.0"
"378","0.0","0.0","0.0","0.0","trehalose biosynthesis III","0",,"0","2","XC_1078; XC_1123","true","TREHALOSESYN-PWY","0.0","0","0","0","9.223372036854776E10","2","false","0","TREHALOSESYN-PWY","0","false","0.0"
"379","1.0","0.0","1.0","0.0","trehalose degradation II (trehalase)","2","2","1","5","XC_0631; XC_1166; XC_1223; XC_1976; XC_3050","false","PWY0-1182","1.0","2","0","1","1.0","3","false","0","PWY0-1182","0","false","0.0"
"380","1.0","0.0","1.0","0.0","trehalose biosynthesis I","2","2","1","3","XC_1076; XC_1078; XC_1123","false","TRESYN-PWY","1.0","2","0","1","1.0","2","false","0","TRESYN-PWY","0","false","0.0"
"381","0.0","0.0","0.0","0.0","trehalose biosynthesis V","0",,"0","5","XC_0141; XC_0423; XC_0425; XC_0427; XC_3487","true","PWY-2661","0.0","0","0","0","9.223372036854776E10","3","false","0","PWY-2661","0","false","0.0"
"382","8.97752809","0.01123596","0.11138924","0.0","gluconeogenesis II (<i>Methanobacterium thermoautotrophicum</i>)","2","2","16","17","XC_0326; XC_0527; XC_0978; XC_0979; XC_1404; XC_1587; XC_1762; XC_1933; XC_2371; XC_2531; XC_2678; XC_2704; XC_2819; XC_3287; XC_3479; XC_3488; XC_3496","false","PWY-6142","1.5","2","0","0","0.6011236","13","false","0","PWY-6142","2002","true","0.5"
"383","2.0","0.0","0.5","0.0","gluconeogenesis I","1","1","3","12","XC_0098; XC_0821; XC_0976; XC_0979; XC_1404; XC_1587; XC_1952; XC_2371; XC_2531; XC_3287; XC_3307; XC_3488","false","GLUCONEO-PWY","3.0","1","0","0","0.66666667","13","false","0","GLUCONEO-PWY","0","false","0.0"
"384","6.98876404","0.01123596","0.14308682","0.0","<i>O</i>-antigen building blocks biosynthesis (<i>E. coli</i>)","2","2","14","9","XC_0753; XC_1579; XC_3610; XC_3611; XC_3612; XC_3613; XC_3663; XC_3674; XC_3769","false","OANTIGEN-PWY","3.0","2","0","0","0.7005618","3","false","0","OANTIGEN-PWY","1958","true","0.5"
"385","7.98314607","0.0","0.1252639","0.0","dTDP-L-rhamnose biosynthesis I","1","1","15","4","XC_3610; XC_3611; XC_3612; XC_3613","false","DTDPRHAMSYN-PWY","2.0","1","0","0","0.6508427","4","false","0","DTDPRHAMSYN-PWY","0","false","0.0"
"386","1.66666667","0.0","0.6","0.0","GDP-mannose biosynthesis","1","1","2","2","XC_3609; XC_3941","false","PWY-5659","3.0","1","0","0","0.66666667","4","false","0","PWY-5659","0","false","0.0"
"387","0.0","0.0","0.0","0.0","CMP-KDO biosynthesis II (from D-arabinose 5-phosphate)","0",,"0","3","XC_1315; XC_1997; XC_2533","true","PWY-5111","0.0","0","0","0","9.223372036854776E10","3","false","0","PWY-5111","0","false","0.0"
"388","0.0","0.0","0.0","0.0","glycogen degradation I","0",,"0","10","XC_0424; XC_1002; XC_1047; XC_1166; XC_1223; XC_1308; XC_1642; XC_1645; XC_1976; XC_3941","true","GLYCOCAT-PWY","0.0","0","0","0","9.223372036854776E10","7","false","0","GLYCOCAT-PWY","0","false","0.0"
"389","0.0","0.0","0.0","0.0","cellulose biosynthesis","0",,"0","1","XC_3551","true","PWY-1001","0.0","0","0","0","9.223372036854776E10","1","false","0","PWY-1001","0","false","0.0"
"390","0.0","0.0","0.0","0.0","2-keto-L-gulonate biosynthesis","0",,"0","4","XC_0365; XC_0760; XC_2151; XC_3712","true","PWY-5782","0.0","0","0","0","9.223372036854776E10","4","false","0","PWY-5782","0","false","0.0"
"391","0.0","0.0","0.0","0.0","tRNA charging","0",,"0","23","XC_1128; XC_1429; XC_1497; XC_1650; XC_1654; XC_1655; XC_1867; XC_2336; XC_2383; XC_2507; XC_2640; XC_2663; XC_2673; XC_2900; XC_3087; XC_3409; XC_3588; XC_3596; XC_3925; XC_3945; XC_4011; XC_4177; XC_4178","true","TRNA-CHARGING-PWY","0.0","0","0","0","9.223372036854776E10","20","false","0","TRNA-CHARGING-PWY","0","false","0.0"
"392","0.0","0.0","0.0","0.0","tyrosine biosynthesis IV","0",,"0","1","XC_0165","true","PWY-6134","0.0","0","0","0","9.223372036854776E10","1","false","0","PWY-6134","0","false","0.0"
"393","4.67977528","0.39301155","0.21368547","0.16666667","tryptophan biosynthesis","5","5","11","7","XC_0473; XC_0481; XC_0483; XC_0484; XC_1573; XC_1575; XC_1577","false","TRPSYN-PWY","6.75","5","0","1","0.81601124","6","false","0","TRPSYN-PWY","77228","false","0.3125"
"394","6.5505618","0.0","0.15265866","0.0","proline biosynthesis I","1","1","12","3","XC_1356; XC_1879; XC_1880","false","PROSYN-PWY","4.0","1","0","0","0.72247191","4","false","0","PROSYN-PWY","0","false","0.0"
"395","5.51123596","0.14860793","0.1814475","0.33333333","tyrosine biosynthesis I","7","7","13","3","XC_0100; XC_2760; XC_3676","false","TYRSYN","6.83333333","7","0","1","0.7744382","3","false","0","TYRSYN","32336","false","0.28472222"
"396","5.65730337","0.0","0.17676266","1.0","phenylalanine biosynthesis I","4","4","13","3","XC_0100; XC_2644; XC_3676","false","PHESYN","7.33333333","4","0","1","0.76713483","3","false","0","PHESYN","0","false","0.52380952"
"397","6.79775281","0.0","0.14710744","1.0","threonine biosynthesis","2","2","14","6","XC_1253; XC_1372; XC_1569; XC_2386; XC_2388; XC_2389","false","THRESYN-PWY","6.5","2","0","0","0.71011236","2","false","0","THRESYN-PWY","0","true","0.65"
"398","1.0","0.0","1.0","0.0","ornithine biosynthesis","2","2","1","5","XC_0882; XC_1872; XC_1873; XC_1874; XC_1875","false","GLUTORN-PWY","1.0","2","0","1","1.0","5","false","0","GLUTORN-PWY","0","false","0.0"
"399","7.48314607","0.02240843","0.13363363","0.0","S-adenosyl-L-methionine biosynthesis","3","3","14","1","XC_3471","false","SAM-PWY","1.66666667","3","0","0","0.6758427","1","false","0","SAM-PWY","2050","false","0.33333333"
"400","8.47752809","0.0","0.11795891","0.0","<i>S</i>-methyl-5-thio-&alpha;-D-ribose 1-phosphate degradation I","1","1","15","4","XC_1899; XC_2369; XC_2371; XC_2661","false","PWY-6755","3.0","1","0","0","0.6261236","6","false","0","PWY-6755","0","false","0.0"
"401","0.0","0.0","0.0","0.0","<i>S</i>-adenosyl-L-methionine cycle II","0",,"0","3","XC_0330; XC_3471; XC_3482","true","PWY-5041","0.0","0","0","0","9.223372036854776E10","4","false","0","PWY-5041","0","false","0.0"
"402","8.47752809","0.0","0.11795891","0.0","<i>S</i>-adenosyl-L-methionine cycle I","1","1","15","2","XC_0330; XC_3471","false","PWY-6151","3.0","1","0","0","0.6261236","5","false","0","PWY-6151","0","true","0.0"
"403","6.91011236","0.0","0.14471545","1.0","methionine biosynthesis III","2","2","13","3","XC_0330; XC_2724; XC_2725","false","HSERMETANA-PWY","4.5","2","0","0","0.70449438","2","false","0","HSERMETANA-PWY","0","false","0.9"
"404","5.62921348","0.13756004","0.17764471","0.2","methionine biosynthesis I","6","6","12","5","XC_0330; XC_1252; XC_2724; XC_2725; XC_3635","false","HOMOSER-METSYN-PWY","5.16666667","6","0","0","0.76853933","5","false","0","HOMOSER-METSYN-PWY","19348","false","0.2173913"
"405","6.43258427","0.00492245","0.15545852","0.5","superpathway of methionine biosynthesis (by sulfhydrylation)","4","4","13","16","XC_0330; XC_0990; XC_0991; XC_0992; XC_0993; XC_0994; XC_1090; XC_1251; XC_1253; XC_1334; XC_1372; XC_1569; XC_1889; XC_2389; XC_2724; XC_2725","false","PWY-5345","5.25","4","0","0","0.72837079","4","false","0","PWY-5345","1076","true","0.35"
"406","6.32022472","0.0","0.15822222","1.0","superpathway of methionine biosynthesis (transsulfuration)","2","2","13","9","XC_0330; XC_1252; XC_1253; XC_1372; XC_1569; XC_2389; XC_2724; XC_2725; XC_3635","false","PWY-5347","7.5","2","0","0","0.73398876","2","false","0","PWY-5347","0","true","0.625"
"407","6.32022472","0.0","0.15822222","1.0","homoserine and methionine biosynthesis","2","2","13","9","XC_0330; XC_1252; XC_1253; XC_1372; XC_1569; XC_2389; XC_2724; XC_2725; XC_3635","false","METSYN-PWY","7.5","2","0","0","0.73398876","2","false","0","METSYN-PWY","0","true","0.625"
"408","5.86516854","0.10679709","0.17049808","0.13888889","homoserine biosynthesis","9","9","13","4","XC_1253; XC_1372; XC_1569; XC_2389","false","HOMOSERSYN-PWY","3.66666667","9","0","0","0.75674157","3","false","0","HOMOSERSYN-PWY","18044","false","0.19753086"
"409","5.68539326","0.13110052","0.17588933","0.2","lysine biosynthesis I","5","5","13","12","XC_0662; XC_0882; XC_1103; XC_1331; XC_1372; XC_1569; XC_1701; XC_2349; XC_2389; XC_2493; XC_2851; XC_2854","false","DAPLYSINESYN-PWY","6.0","5","0","0","0.76573034","9","false","0","DAPLYSINESYN-PWY","23740","false","0.31111111"
"410","7.71910112","0.0","0.12954876","1.0","leucine biosynthesis","3","3","15","5","XC_0833; XC_0834; XC_0836; XC_0837; XC_3380","false","LEUSYN-PWY","3.5","3","0","1","0.66404494","6","false","0","LEUSYN-PWY","0","false","0.7"
"411","6.73595506","0.00981497","0.14845705","0.5","threonine biosynthesis from homoserine","5","5","14","2","XC_2386; XC_2388","false","HOMOSER-THRESYN-PWY","4.25","5","0","1","0.71320225","2","false","0","HOMOSER-THRESYN-PWY","1970","false","0.38636364"
"412","7.55617978","0.01115482","0.13234201","0.33333333","isoleucine biosynthesis I (from threonine)","4","4","15","8","XC_0356; XC_0391; XC_0838; XC_0839; XC_0840; XC_0841; XC_1255; XC_3380","false","ILEUSYN-PWY","3.33333333","4","0","1","0.67219101","5","false","0","ILEUSYN-PWY","1574","false","0.5"
"413","6.74157303","0.00914843","0.14833333","0.66666667","isoleucine biosynthesis I","3","3","14","14","XC_0356; XC_0391; XC_0838; XC_0839; XC_0840; XC_0841; XC_1253; XC_1255; XC_1372; XC_1569; XC_2386; XC_2388; XC_2389; XC_3380","false","PWY-3001","5.33333333","3","0","0","0.71292135","3","false","0","PWY-3001","1948","true","0.48484848"
"414","5.90449438","0.07861927","0.16936251","0.16666667","","4","4","14",,"","false","PRPP-BIOSYNTHESIS","5.0","4","0","0","0.75477528",,"false","0","PRPP-BIOSYNTHESIS","6380","false","0.3"
"415","6.66292135","0.03830355","0.15008432","0.0","","3","3","15",,"","false","IMP-BIOSYNTHESIS","6.66666667","3","0","0","0.71685393",,"false","0","IMP-BIOSYNTHESIS","6560","false","0.43589744"
"416","6.57303371","0.03352763","0.15213675","0.0","histidine biosynthesis","2","2","15","10","XC_0889; XC_2374; XC_2375; XC_2376; XC_2377; XC_2378; XC_2379; XC_2380; XC_2381; XC_2665","false","HISTSYN-PWY","3.5","2","0","0","0.72134831","10","false","0","HISTSYN-PWY","1922","false","0.5"
"417","6.19662921","0.0","0.16137806","1.0","glycine biosynthesis I","3","3","13","2","XC_0474; XC_3544","false","GLYSYN-PWY","4.5","3","0","1","0.74016854","1","false","0","GLYSYN-PWY","0","false","0.64285714"
"418","0.0","0.0","0.0","0.0","glycine biosynthesis IV","0",,"0","1","XC_0474","true","GLYSYN-THR-PWY","0.0","0","0","0","9.223372036854776E10","1","false","0","GLYSYN-THR-PWY","0","false","0.0"
"419","0.0","0.0","0.0","0.0","glutamate biosynthesis III","0",,"0","2","XC_0031; XC_0032","true","GLUTSYNIII-PWY","0.0","0","0","0","9.223372036854776E10","1","false","0","GLUTSYNIII-PWY","0","false","0.0"
"420","5.1741573","0.08173888","0.19326819","0.33333333","ammonia assimilation cycle III","3","3","11","6","XC_0031; XC_0032; XC_0194; XC_0562; XC_1768; XC_1770","false","AMMASSIM-PWY","4.33333333","3","0","0","0.79129213","2","false","0","AMMASSIM-PWY","20774","true","0.44444444"
"421","4.88764045","0.35318625","0.2045977","0.16666667","glutamine biosynthesis I","4","4","10","4","XC_0194; XC_0562; XC_1768; XC_1770","false","GLNSYN-PWY","3.75","4","0","0","0.80561798","1","false","0","GLNSYN-PWY","70124","false","0.29545455"
"422","5.16292135","0.16918038","0.19368879","0.33333333","glutamate biosynthesis I","4","4","11","2","XC_0031; XC_0032","false","GLUTSYN-PWY","4.75","4","0","0","0.79185393","1","false","0","GLUTSYN-PWY","41984","false","0.43181818"
"423","6.81460674","0.0","0.14674361","1.0","methionine degradation I (to homocysteine)","2","2","13","2","XC_3471; XC_3482","false","METHIONINE-DEG1-PWY","3.5","2","0","0","0.70926966","3","false","0","METHIONINE-DEG1-PWY","0","false","0.875"
"424","5.92134831","0.03109561","0.16888046","0.3","homocysteine biosynthesis","6","6","12","3","XC_1090; XC_1251; XC_1889","false","PWY-5344","4.8","6","0","1","0.75393258","2","false","0","PWY-5344","5198","false","0.27058824"
"425","5.8258427","0.03170121","0.17164899","0.33333333","cysteine biosynthesis/homocysteine degradation","4","4","12","3","XC_0982; XC_3636; XC_3655","false","HOMOCYSDEGR-PWY","4.25","4","0","0","0.75870787","2","false","0","HOMOCYSDEGR-PWY","4762","false","0.33333333"
"426","5.71910112","0.00639702","0.17485265","0.66666667","superpathway of sulfate assimilation and cysteine biosynthesis","3","3","12","11","XC_0020; XC_0982; XC_0990; XC_0991; XC_0992; XC_0993; XC_0994; XC_1334; XC_2364; XC_2645; XC_3655","false","SULFATE-CYS-PWY","6.0","3","0","0","0.76404494","3","false","0","SULFATE-CYS-PWY","1358","true","0.42857143"
"427","5.20786517","0.1690231","0.19201726","0.14285714","serine biosynthesis","10","10","12","3","XC_0020; XC_2364; XC_2645","false","SERSYN-PWY","3.42857143","10","0","3","0.78960674","3","false","0","SERSYN-PWY","21122","false","0.21904762"
"428","6.12921348","0.00369242","0.16315307","0.66666667","cysteine biosynthesis III (mammalia)","3","3","13","5","XC_0982; XC_3471; XC_3482; XC_3636; XC_3655","false","PWY-6292","4.33333333","3","0","0","0.74353933","2","false","0","PWY-6292","552","true","0.48148148"
"429","8.85955056","3.174E-5","0.11287254","0.66666667","pantothenate and coenzyme A biosynthesis I","3","3","16","8","XC_1055; XC_1723; XC_2466; XC_2467; XC_2468; XC_3943; XC_4025; XC_4070","false","PANTOSYN-PWY","3.33333333","3","0","0","0.60702247","3","false","0","PANTOSYN-PWY","2","true","0.55555556"
"430","7.87640449","0.05538628","0.12696148","0.13333333","phosphopantothenate biosynthesis I","7","7","15","4","XC_2467; XC_2468; XC_4025; XC_4070","false","PANTO-PWY","2.16666667","7","0","1","0.65617978","4","false","0","PANTO-PWY","10646","false","0.27777778"
"431","8.86516854","0.0","0.11280101","1.0","&beta;-alanine biosynthesis III","2","2","16","1","XC_2466","false","PWY-5155","4.5","2","0","0","0.60674157","1","false","0","PWY-5155","0","false","0.75"
"432","0.0","0.0","0.0","0.0","uracil degradation II (reductive)","0",,"0","2","XC_1858; XC_1919","true","PWY-3982","0.0","0","0","0","9.223372036854776E10","3","false","0","PWY-3982","0","false","0.0"
"433","1.33333333","0.66666667","0.75","0.0","asparagine biosynthesis II","2","2","2","2","XC_2806; XC_2848","false","ASPARAGINESYN-PWY","1.5","2","0","0","0.88888889","1","false","0","ASPARAGINESYN-PWY","4","false","0.5"
"434","2.0","0.0","0.5","0.0","asparagine biosynthesis I","1","1","3","2","XC_2806; XC_2848","false","ASPARAGINE-BIOSYNTHESIS","2.0","1","0","0","0.66666667","1","false","0","ASPARAGINE-BIOSYNTHESIS","0","false","0.0"
"435","1.33333333","0.66666667","0.75","0.0","superpathway of asparagine biosynthesis","2","2","2","2","XC_2806; XC_2848","false","PWY0-1325","1.5","2","0","0","0.88888889","2","false","0","PWY0-1325","4","true","0.5"
"436","1.0","0.0","1.0","0.0","arginine biosynthesis I","2","2","1","10","XC_0882; XC_1869; XC_1871; XC_1872; XC_1873; XC_1874; XC_1875; XC_1876; XC_2346; XC_2348","false","ARGSYN-PWY","1.0","2","0","1","1.0","5","false","0","ARGSYN-PWY","0","true","0.0"
"437","5.55617978","0.19526704","0.17997978","0.0","","4","4","11",,"","false","GLUTAMATE-SYN","2.5","4","0","0","0.77219101",,"false","0","GLUTAMATE-SYN","18042","false","0.25"
"438","6.11235955","0.06882915","0.16360294","0.13333333","superpathway of pyrimidine ribonucleotides <i>de novo</i> biosynthesis","8","8","13","10","XC_1367; XC_1858; XC_1923; XC_2346; XC_2348; XC_2448; XC_2534; XC_2867; XC_3931; XC_4226","false","PWY0-162","2.33333333","8","0","1","0.74438202","2","false","0","PWY0-162","6132","true","0.26190476"
"439","6.08426966","0.04789035","0.16435826","0.0","arginine biosynthesis II (acetyl cycle)","2","2","12","9","XC_0882; XC_1869; XC_1871; XC_1873; XC_1874; XC_1875; XC_1876; XC_2346; XC_2348","false","ARGSYNBSUB-PWY","5.0","2","0","0","0.74578652","9","false","0","ARGSYNBSUB-PWY","4690","false","0.5"
"440","7.16292135","0.01123596","0.13960784","0.0","","2","2","13",,"","false","PROLINE-SYN","4.5","2","0","0","0.69185393",,"false","0","PROLINE-SYN","1098","false","0.5"
"441","8.15730337","0.0","0.12258953","0.0","arginine biosynthesis III","1","1","14","10","XC_0882; XC_1869; XC_1871; XC_1872; XC_1873; XC_1874; XC_1875; XC_1876; XC_2346; XC_2348","false","PWY-5154","2.0","1","0","0","0.64213483","9","false","0","PWY-5154","0","false","0.0"
"442","7.99438202","0.02234495","0.12508784","0.0","alanine biosynthesis II","2","2","15","1","XC_0800","false","ALANINE-SYN2-PWY","2.5","2","0","0","0.6502809","1","false","0","ALANINE-SYN2-PWY","4000","false","0.5"
"443","6.93820225","0.08316486","0.14412955","0.16666667","valine biosynthesis","7","7","14","5","XC_0356; XC_0839; XC_0840; XC_0841; XC_3380","false","VALSYN-PWY","4.0","7","0","3","0.70308989","4","false","0","VALSYN-PWY","16188","false","0.29166667"
"444","6.07303371","0.138213","0.16466235","0.2","alanine biosynthesis I","9","9","13","3","XC_2351; XC_3380; XC_3718","false","ALANINE-VALINESYN-PWY","4.8","9","0","4","0.74634831","3","false","0","ALANINE-VALINESYN-PWY","27022","false","0.33846154"
"445","8.01685393","0.0","0.12473721","0.0","alanine biosynthesis III","1","1","15","2","XC_1344; XC_1347","false","PWY0-1021","3.0","1","0","0","0.6491573","1","false","0","PWY0-1021","0","false","0.0"
"446","7.02247191","0.0443725","0.1424","0.0","superpathway of alanine biosynthesis","3","3","14","6","XC_0800; XC_1344; XC_1347; XC_2351; XC_3380; XC_3718","false","PWY0-1061","2.66666667","3","0","0","0.6988764","3","false","0","PWY0-1061","7990","true","0.33333333"
"447","2.0","0.0","0.5","0.0","superpathway of aspartate and asparagine biosynthesis; interconversion of aspartate and asparagine","1","1","3","5","XC_0239; XC_1195; XC_2806; XC_2848; XC_3374","false","ASPASN-PWY","2.0","1","0","0","0.66666667","2","false","0","ASPASN-PWY","0","true","0.0"
"448","6.19662921","0.0","0.16137806","1.0","superpathway of serine and glycine biosynthesis I","2","2","13","5","XC_0020; XC_0474; XC_2364; XC_2645; XC_3544","false","SER-GLYSYN-PWY","4.5","2","0","0","0.74016854","2","false","0","SER-GLYSYN-PWY","0","true","0.64285714"
"449","7.47191011","0.01013994","0.13383459","0.33333333","superpathway of leucine, valine, and isoleucine biosynthesis","3","3","15","12","XC_0356; XC_0391; XC_0833; XC_0834; XC_0836; XC_0837; XC_0838; XC_0839; XC_0840; XC_0841; XC_1255; XC_3380","false","BRANCHED-CHAIN-AA-SYN-PWY","3.0","3","0","0","0.67640449","3","false","0","BRANCHED-CHAIN-AA-SYN-PWY","1682","true","0.44444444"
"450","6.51123596","0.0443725","0.15358067","0.0","aspartate superpathway","3","3","13","22","XC_0330; XC_0662; XC_0882; XC_1067; XC_1103; XC_1252; XC_1331; XC_1372; XC_1500; XC_1569; XC_1611; XC_1701; XC_1983; XC_2349; XC_2389; XC_2493; XC_2724; XC_2725; XC_2851; XC_2854; XC_3471; XC_3635","false","PWY0-781","2.66666667","3","0","0","0.7244382","3","false","0","PWY0-781","4086","true","0.33333333"
"451","5.28089888","0.11453442","0.1893617","0.2","cysteine biosynthesis I","7","7","11","2","XC_0982; XC_3655","false","CYSTSYN-PWY","4.5","7","0","1","0.78595506","2","false","0","CYSTSYN-PWY","13764","false","0.22807018"
"452","5.56179775","0.0976515","0.17979798","0.16666667","superpathway of lysine, threonine and methionine biosynthesis I","4","4","12","17","XC_0330; XC_0662; XC_0882; XC_1103; XC_1252; XC_1331; XC_1372; XC_1569; XC_1701; XC_2349; XC_2389; XC_2493; XC_2724; XC_2725; XC_2851; XC_2854; XC_3635","false","P4-PWY","5.0","4","0","0","0.77191011","2","false","0","P4-PWY","14256","true","0.3"
"453","4.93820225","0.10605125","0.20250284","0.5","superpathway of phenylalanine, tyrosine, and tryptophan biosynthesis","5","5","12","19","XC_0100; XC_0473; XC_0481; XC_0483; XC_0484; XC_0530; XC_0548; XC_1268; XC_1269; XC_1567; XC_1573; XC_1575; XC_1577; XC_2643; XC_2644; XC_2760; XC_3676; XC_4041; XC_4173","false","COMPLETE-ARO-PWY","6.6","5","0","0","0.80308989","4","false","0","COMPLETE-ARO-PWY","21972","true","0.3"
"454","4.80337079","0.34031267","0.20818713","0.14545455","chorismate biosynthesis I","12","12","12","8","XC_0530; XC_0548; XC_1268; XC_1269; XC_1567; XC_2643; XC_4041; XC_4173","false","ARO-PWY","4.36363636","12","0","1","0.80983146","2","false","0","ARO-PWY","59586","true","0.14935065"
"455","5.33707865","0.17612208","0.18736842","0.08333333","pentose phosphate pathway (non-oxidative branch)","11","11","13","4","XC_0469; XC_0899; XC_0929; XC_3400","false","NONOXIPENT-PWY","3.77777778","11","0","2","0.78314607","5","false","0","NONOXIPENT-PWY","18044","false","0.1754386"
"456","5.79213483","0.0","0.17264791","1.0","chorismate biosynthesis from 3-dehydroquinate","2","2","13","6","XC_0530; XC_1269; XC_1567; XC_2643; XC_4041; XC_4173","false","PWY-6163","7.0","2","0","0","0.76039326","6","false","0","PWY-6163","0","false","0.63636364"
"457","5.58426966","0.00107916","0.17907445","0.66666667","3-dehydroquinate biosynthesis I","3","3","13","2","XC_0548; XC_1268","false","PWY-6164","7.33333333","3","0","0","0.77078652","2","false","0","PWY-6164","80","false","0.43137255"
"458","6.1741573","0.0121665","0.16196542","0.2","sulfate reduction I (assimilatory)","6","6","12","6","XC_0990; XC_0991; XC_0992; XC_0993; XC_0994; XC_1334","false","SO4ASSIM-PWY","4.0","6","0","1","0.74129213","3","false","0","SO4ASSIM-PWY","2914","true","0.34545455"
"459","7.15730337","1.2696E-4","0.13971743","0.0","sulfate activation for sulfonation","2","2","13","2","XC_0993; XC_0994","false","PWY-5340","3.5","2","0","0","0.69213483","2","false","0","PWY-5340","10","false","0.625"
